1670529706.164943,10.10.1.100:37790,,,10,
1670529706.246588,10.10.1.100:37794,,,10,
1670529706.247774,10.10.1.100:37796,,,10,
1670529706.248914,10.10.1.100:37792,,,13,
1670529706.327804,10.10.1.100:37794,,,10,
1670529706.328946,10.10.1.100:37796,,,10,
1670529706.330071,10.10.1.100:37792,,,20,
1670529706.409840,10.10.1.100:37794,,,17,
1670529706.411120,10.10.1.100:37796,,,10,
1670529706.412252,10.10.1.100:37792,,,20,
1670529706.491350,10.10.1.100:37794,,,20,
1670529706.492491,10.10.1.100:37796,0,1,13,
1670529706.493619,10.10.1.100:37792,,,20,
1670529706.573925,10.10.1.100:37794,,,20,
1670529706.575355,10.10.1.100:37796,0,1,20,
1670529706.576682,10.10.1.100:37792,,,20,
1670529706.657478,10.10.1.100:37794,,,20,
1670529706.658602,10.10.1.100:37796,0,1,21,
1670529706.659777,10.10.1.100:37792,,,24,24
1670529706.783691,10.10.1.100:37794,,,21,
1670529706.786578,10.10.1.100:37796,0,1,21,
1670529706.789661,10.10.1.100:37792,,,24,24
1670529706.931437,10.10.1.100:37794,,,24,24
1670529706.933523,10.10.1.100:37796,0,1,21,
1670529706.936097,10.10.1.100:37792,,,24,24
1670529707.050431,10.10.1.100:37794,,,24,24
1670529707.051795,10.10.1.100:37796,0,1,21,
1670529707.053165,10.10.1.100:37792,,,24,24
1670529707.133612,10.10.1.100:37794,,,24,24
1670529707.134767,10.10.1.100:37796,0,1,24,
1670529707.135939,10.10.1.100:37792,,,24,24
1670529707.215999,10.10.1.100:37794,,,24,24
1670529707.217138,10.10.1.100:37796,0,1,29,29
1670529707.218295,10.10.1.100:37792,,,24,24
1670529707.297144,10.10.1.100:37794,,,24,24
1670529707.298339,10.10.1.100:37796,0,1,29,29
1670529707.299563,10.10.1.100:37792,,,24,24
1670529707.377537,10.10.1.100:37794,,,24,24
1670529707.378666,10.10.1.100:37796,0,1,29,29
1670529707.379854,10.10.1.100:37792,,,25,24
1670529707.458548,10.10.1.100:37794,,,24,24
1670529707.459753,10.10.1.100:37796,0,1,29,29
1670529707.461073,10.10.1.100:37792,,,25,24
1670529707.540724,10.10.1.100:37794,,,24,24
1670529707.541855,10.10.1.100:37796,0,1,29,29
1670529707.543027,10.10.1.100:37792,,,25,24
1670529707.675531,10.10.1.100:37794,,,24,24
1670529707.677880,10.10.1.100:37796,0,1,29,29
1670529707.680355,10.10.1.100:37792,,,25,24
1670529707.824955,10.10.1.100:37794,1,1,23,17
1670529707.827349,10.10.1.100:37796,0,1,29,29
1670529707.829783,10.10.1.100:37792,,,26,24
1670529707.934451,10.10.1.100:37794,1,1,19,17
1670529707.935616,10.10.1.100:37796,0,1,29,29
1670529707.936798,10.10.1.100:37792,,,26,24
1670529708.015882,10.10.1.100:37794,1,1,19,17
1670529708.017222,10.10.1.100:37796,4,5,23,20
1670529708.018545,10.10.1.100:37792,,,26,24
1670529708.097220,10.10.1.100:37794,1,1,19,17
1670529708.098373,10.10.1.100:37796,7,8,20,20
1670529708.099559,10.10.1.100:37792,,,26,24
1670529708.180754,10.10.1.100:37794,1,1,19,17
1670529708.183172,10.10.1.100:37796,7,8,20,20
1670529708.185596,10.10.1.100:37792,,,26,24
1670529708.327754,10.10.1.100:37794,1,1,19,17
1670529708.330154,10.10.1.100:37796,8,9,19,20
1670529708.332561,10.10.1.100:37792,,,26,24
1670529708.436498,10.10.1.100:37794,1,1,19,17
1670529708.437631,10.10.1.100:37796,8,9,19,20
1670529708.438766,10.10.1.100:37792,,,27,24
1670529708.518016,10.10.1.100:37794,2,2,16,17
1670529708.519528,10.10.1.100:37796,8,9,19,20
1670529708.520874,10.10.1.100:37792,,,27,24
1670529708.600341,10.10.1.100:37794,1,2,17,17
1670529708.601481,10.10.1.100:37796,8,9,19,20
1670529708.602609,10.10.1.100:37792,,,27,24
1670529708.681598,10.10.1.100:37794,1,2,17,17
1670529708.683003,10.10.1.100:37796,8,9,19,20
1670529708.684346,10.10.1.100:37792,1,1,26,18
1670529708.764870,10.10.1.100:37794,1,2,17,17
1670529708.766303,10.10.1.100:37796,5,9,20,20
1670529708.767764,10.10.1.100:37792,1,1,26,18
1670529708.900241,10.10.1.100:37794,1,2,17,17
1670529708.902605,10.10.1.100:37796,1,9,20,20
1670529708.905017,10.10.1.100:37792,1,1,26,18
1670529709.050613,10.10.1.100:37794,1,2,17,17
1670529709.053064,10.10.1.100:37796,1,9,20,20
1670529709.055456,10.10.1.100:37792,1,1,23,18
1670529709.172266,10.10.1.100:37794,1,2,17,17
1670529709.173684,10.10.1.100:37796,0,9,20,20
1670529709.175068,10.10.1.100:37792,1,1,20,18
1670529709.254692,10.10.1.100:37794,1,2,17,17
1670529709.255868,10.10.1.100:37796,0,9,20,20
1670529709.256991,10.10.1.100:37792,1,1,18,18
1670529709.336073,10.10.1.100:37794,0,2,17,17
1670529709.337398,10.10.1.100:37796,0,9,20,20
1670529709.338740,10.10.1.100:37792,1,1,18,18
1670529709.418641,10.10.1.100:37794,0,2,18,17
1670529709.419834,10.10.1.100:37796,0,9,20,20
1670529709.420958,10.10.1.100:37792,0,1,18,18
1670529709.499314,10.10.1.100:37794,0,2,18,17
1670529709.500443,10.10.1.100:37796,0,9,21,20
1670529709.501564,10.10.1.100:37792,0,1,18,18
1670529709.580692,10.10.1.100:37794,0,2,18,17
1670529709.582066,10.10.1.100:37796,0,9,23,20
1670529709.583444,10.10.1.100:37792,0,1,18,18
1670529709.662514,10.10.1.100:37794,0,2,18,17
1670529709.663680,10.10.1.100:37796,0,9,24,20
1670529709.664802,10.10.1.100:37792,0,1,18,18
1670529709.743733,10.10.1.100:37794,0,2,18,17
1670529709.745119,10.10.1.100:37796,0,9,24,20
1670529709.746530,10.10.1.100:37792,0,1,19,18
1670529709.825861,10.10.1.100:37794,0,2,18,17
1670529709.827344,10.10.1.100:37796,0,9,24,20
1670529709.828687,10.10.1.100:37792,0,1,19,18
1670529709.908594,10.10.1.100:37794,0,2,18,17
1670529709.909742,10.10.1.100:37796,0,9,24,20
1670529709.910934,10.10.1.100:37792,0,1,20,18
1670529709.989217,10.10.1.100:37794,0,2,20,17
1670529709.990352,10.10.1.100:37796,0,9,24,20
1670529709.991518,10.10.1.100:37792,0,1,21,18
1670529710.070357,10.10.1.100:37794,0,2,21,17
1670529710.071541,10.10.1.100:37796,0,9,24,20
1670529710.072700,10.10.1.100:37792,0,1,21,18
1670529710.151340,10.10.1.100:37794,0,2,21,17
1670529710.152468,10.10.1.100:37796,0,9,24,20
1670529710.153655,10.10.1.100:37792,0,1,21,18
1670529710.232928,10.10.1.100:37794,0,2,21,17
1670529710.234105,10.10.1.100:37796,0,9,25,20
1670529710.235302,10.10.1.100:37792,0,1,21,18
1670529710.345083,10.10.1.100:37794,0,2,21,17
1670529710.347788,10.10.1.100:37796,0,9,26,20
1670529710.350340,10.10.1.100:37792,0,1,21,18
1670529710.492700,10.10.1.100:37794,0,2,21,17
1670529710.495093,10.10.1.100:37796,0,9,27,20
1670529710.497088,10.10.1.100:37792,0,1,22,18
1670529710.582691,10.10.1.100:37794,0,2,21,17
1670529710.583871,10.10.1.100:37796,0,9,27,20
1670529710.585004,10.10.1.100:37792,0,1,23,18
1670529710.664874,10.10.1.100:37794,0,2,22,17
1670529710.666333,10.10.1.100:37796,0,9,27,20
1670529710.667813,10.10.1.100:37792,0,1,24,18
1670529710.747252,10.10.1.100:37794,0,2,22,17
1670529710.748651,10.10.1.100:37796,0,9,27,20
1670529710.749997,10.10.1.100:37792,0,1,24,18
1670529710.888198,10.10.1.100:37794,0,2,23,17
1670529710.891342,10.10.1.100:37796,0,9,27,20
1670529710.893785,10.10.1.100:37792,0,1,24,18
1670529711.026811,10.10.1.100:37794,0,2,24,17
1670529711.027999,10.10.1.100:37796,0,9,27,20
1670529711.029130,10.10.1.100:37792,0,1,24,18
1670529711.108079,10.10.1.100:37794,0,2,24,17
1670529711.109253,10.10.1.100:37796,0,9,28,20
1670529711.110423,10.10.1.100:37792,0,1,24,18
1670529711.189183,10.10.1.100:37794,0,2,24,17
1670529711.189294,10.10.1.100:37796,0,9,28,20
1670529711.189402,10.10.1.100:37792,0,1,24,18
1670529711.293198,10.10.1.100:37794,0,2,24,17
1670529711.294732,10.10.1.100:37796,0,9,28,20
1670529711.296293,10.10.1.100:37792,1,2,24,17
1670529711.384430,10.10.1.100:37794,0,2,24,17
1670529711.385949,10.10.1.100:37796,0,9,28,20
1670529711.387478,10.10.1.100:37792,1,2,23,17
1670529711.467674,10.10.1.100:37794,0,2,24,17
1670529711.469036,10.10.1.100:37796,0,9,28,20
1670529711.470401,10.10.1.100:37792,2,3,20,17
1670529711.550027,10.10.1.100:37794,1,3,22,16
1670529711.551209,10.10.1.100:37796,0,9,28,20
1670529711.552344,10.10.1.100:37792,3,4,17,17
1670529711.632554,10.10.1.100:37794,2,4,20,16
1670529711.633688,10.10.1.100:37796,0,9,28,20
1670529711.634835,10.10.1.100:37792,3,4,17,17
1670529711.716494,10.10.1.100:37794,2,4,16,16
1670529711.717840,10.10.1.100:37796,0,9,28,20
1670529711.719222,10.10.1.100:37792,3,4,17,17
1670529711.813324,10.10.1.100:37794,3,5,15,16
1670529711.815388,10.10.1.100:37796,0,9,28,20
1670529711.816524,10.10.1.100:37792,3,4,17,17
1670529711.897482,10.10.1.100:37794,3,5,15,16
1670529711.899020,10.10.1.100:37796,1,10,27,19
1670529711.900442,10.10.1.100:37792,3,4,17,17
1670529711.983382,10.10.1.100:37794,3,5,15,16
1670529711.984737,10.10.1.100:37796,1,10,24,19
1670529711.986086,10.10.1.100:37792,3,4,17,17
1670529712.066619,10.10.1.100:37794,3,5,15,16
1670529712.067861,10.10.1.100:37796,1,10,22,19
1670529712.068995,10.10.1.100:37792,3,4,17,17
1670529712.148053,10.10.1.100:37794,3,5,15,16
1670529712.149199,10.10.1.100:37796,1,10,22,19
1670529712.150334,10.10.1.100:37792,3,5,17,17
1670529712.230145,10.10.1.100:37794,3,5,15,16
1670529712.231542,10.10.1.100:37796,1,10,22,19
1670529712.232914,10.10.1.100:37792,2,5,17,17
1670529712.312588,10.10.1.100:37794,2,5,16,16
1670529712.313760,10.10.1.100:37796,1,10,22,19
1670529712.314931,10.10.1.100:37792,1,5,17,17
1670529712.394327,10.10.1.100:37794,1,5,16,16
1670529712.395774,10.10.1.100:37796,1,10,22,19
1670529712.397139,10.10.1.100:37792,1,5,17,17
1670529712.475735,10.10.1.100:37794,0,5,16,16
1670529712.476870,10.10.1.100:37796,1,10,21,19
1670529712.478003,10.10.1.100:37792,1,5,17,17
1670529712.557014,10.10.1.100:37794,0,5,16,16
1670529712.558146,10.10.1.100:37796,1,10,19,19
1670529712.559360,10.10.1.100:37792,1,5,17,17
1670529712.637421,10.10.1.100:37794,0,5,16,16
1670529712.638925,10.10.1.100:37796,0,10,19,19
1670529712.640062,10.10.1.100:37792,1,5,17,17
1670529712.720300,10.10.1.100:37794,0,5,16,16
1670529712.721463,10.10.1.100:37796,0,10,20,19
1670529712.722676,10.10.1.100:37792,1,5,17,17
1670529712.812937,10.10.1.100:37794,0,5,16,16
1670529712.814978,10.10.1.100:37796,0,10,20,19
1670529712.816958,10.10.1.100:37792,0,5,17,17
1670529712.958239,10.10.1.100:37794,0,5,16,16
1670529712.960719,10.10.1.100:37796,0,10,20,19
1670529712.962957,10.10.1.100:37792,0,5,17,17
1670529713.064429,10.10.1.100:37794,0,5,17,16
1670529713.065766,10.10.1.100:37796,0,10,20,19
1670529713.067182,10.10.1.100:37792,0,5,18,17
1670529713.146026,10.10.1.100:37794,0,5,18,16
1670529713.147235,10.10.1.100:37796,0,10,20,19
1670529713.148370,10.10.1.100:37792,0,5,18,17
1670529713.227356,10.10.1.100:37794,0,5,18,16
1670529713.228696,10.10.1.100:37796,0,10,21,19
1670529713.230014,10.10.1.100:37792,0,5,18,17
1670529713.309113,10.10.1.100:37794,0,5,18,16
1670529713.310273,10.10.1.100:37796,0,10,22,19
1670529713.311434,10.10.1.100:37792,0,5,18,17
1670529713.390255,10.10.1.100:37794,0,5,18,16
1670529713.391530,10.10.1.100:37796,0,10,22,19
1670529713.392658,10.10.1.100:37792,0,5,18,17
1670529713.471505,10.10.1.100:37794,0,5,18,16
1670529713.472923,10.10.1.100:37796,0,10,22,19
1670529713.474250,10.10.1.100:37792,0,5,19,17
1670529713.554119,10.10.1.100:37794,0,5,18,16
1670529713.555520,10.10.1.100:37796,0,10,22,19
1670529713.556837,10.10.1.100:37792,0,5,19,17
1670529713.635386,10.10.1.100:37794,0,5,19,16
1670529713.636524,10.10.1.100:37796,0,10,22,19
1670529713.637742,10.10.1.100:37792,0,5,20,17
1670529713.716349,10.10.1.100:37794,0,5,19,16
1670529713.717477,10.10.1.100:37796,0,10,22,19
1670529713.718607,10.10.1.100:37792,0,5,20,17
1670529713.797686,10.10.1.100:37794,0,5,19,16
1670529713.799049,10.10.1.100:37796,0,10,22,19
1670529713.800470,10.10.1.100:37792,0,5,20,17
1670529713.879653,10.10.1.100:37794,0,5,19,16
1670529713.880795,10.10.1.100:37796,0,10,22,19
1670529713.881925,10.10.1.100:37792,0,5,20,17
1670529713.961076,10.10.1.100:37794,0,5,19,16
1670529713.962431,10.10.1.100:37796,0,10,22,19
1670529713.963862,10.10.1.100:37792,0,5,20,17
1670529714.044127,10.10.1.100:37794,0,5,19,16
1670529714.045265,10.10.1.100:37796,0,10,23,19
1670529714.046414,10.10.1.100:37792,0,5,20,17
1670529714.126250,10.10.1.100:37794,0,5,19,16
1670529714.127736,10.10.1.100:37796,0,10,23,19
1670529714.129036,10.10.1.100:37792,0,5,20,17
1670529714.208133,10.10.1.100:37794,0,5,19,16
1670529714.209260,10.10.1.100:37796,0,10,23,19
1670529714.210432,10.10.1.100:37792,0,5,20,17
1670529714.290102,10.10.1.100:37794,0,5,19,16
1670529714.291471,10.10.1.100:37796,0,10,23,19
1670529714.292798,10.10.1.100:37792,0,5,20,17
1670529714.372374,10.10.1.100:37794,0,5,20,16
1670529714.373709,10.10.1.100:37796,0,10,23,19
1670529714.375076,10.10.1.100:37792,0,5,20,17
1670529714.454624,10.10.1.100:37794,0,5,20,16
1670529714.455809,10.10.1.100:37796,0,10,23,19
1670529714.456933,10.10.1.100:37792,0,5,21,17
1670529714.535614,10.10.1.100:37794,0,5,20,16
1670529714.536944,10.10.1.100:37796,0,10,23,19
1670529714.538244,10.10.1.100:37792,0,5,21,17
1670529714.618308,10.10.1.100:37794,0,5,20,16
1670529714.619486,10.10.1.100:37796,0,10,23,19
1670529714.620628,10.10.1.100:37792,0,5,21,17
1670529714.699534,10.10.1.100:37794,0,5,20,16
1670529714.700669,10.10.1.100:37796,0,10,23,19
1670529714.701820,10.10.1.100:37792,0,5,21,17
1670529714.780634,10.10.1.100:37794,0,5,20,16
1670529714.781800,10.10.1.100:37796,0,10,23,19
1670529714.782957,10.10.1.100:37792,0,5,21,17
1670529714.861759,10.10.1.100:37794,0,5,20,16
1670529714.863129,10.10.1.100:37796,0,10,23,19
1670529714.864485,10.10.1.100:37792,0,5,21,17
1670529714.944773,10.10.1.100:37794,0,5,20,16
1670529714.946098,10.10.1.100:37796,0,10,23,19
1670529714.947466,10.10.1.100:37792,0,5,21,17
1670529715.027068,10.10.1.100:37794,0,5,20,16
1670529715.028401,10.10.1.100:37796,0,10,23,19
1670529715.029754,10.10.1.100:37792,0,5,21,17
1670529715.109307,10.10.1.100:37794,0,5,20,16
1670529715.110636,10.10.1.100:37796,0,10,23,19
1670529715.112002,10.10.1.100:37792,0,5,21,17
1670529715.192027,10.10.1.100:37794,0,5,20,16
1670529715.193223,10.10.1.100:37796,0,10,23,19
1670529715.194416,10.10.1.100:37792,0,5,21,17
1670529715.273032,10.10.1.100:37794,0,5,20,16
1670529715.274179,10.10.1.100:37796,0,10,23,19
1670529715.275359,10.10.1.100:37792,0,5,21,17
1670529715.354712,10.10.1.100:37794,0,5,20,16
1670529715.356314,10.10.1.100:37796,0,10,23,19
1670529715.357679,10.10.1.100:37792,0,5,21,17
1670529715.439019,10.10.1.100:37794,0,5,20,16
1670529715.440355,10.10.1.100:37796,0,10,23,19
1670529715.441679,10.10.1.100:37792,0,5,21,17
1670529715.521689,10.10.1.100:37794,0,5,20,16
1670529715.523085,10.10.1.100:37796,0,10,23,19
1670529715.524413,10.10.1.100:37792,0,5,21,17
1670529715.602979,10.10.1.100:37794,0,5,20,16
1670529715.604323,10.10.1.100:37796,0,10,23,19
1670529715.605678,10.10.1.100:37792,0,5,21,17
1670529715.684818,10.10.1.100:37794,0,5,20,16
1670529715.685984,10.10.1.100:37796,0,10,23,19
1670529715.687178,10.10.1.100:37792,0,5,21,17
1670529715.765229,10.10.1.100:37794,0,5,20,16
1670529715.766356,10.10.1.100:37796,0,10,23,19
1670529715.767533,10.10.1.100:37792,0,5,21,17
1670529715.845506,10.10.1.100:37794,0,5,20,16
1670529715.847004,10.10.1.100:37796,0,10,23,19
1670529715.848146,10.10.1.100:37792,0,5,21,17
1670529715.927144,10.10.1.100:37794,0,5,20,16
1670529715.928469,10.10.1.100:37796,0,10,23,19
1670529715.929784,10.10.1.100:37792,0,5,21,17
1670529716.032401,10.10.1.100:37794,0,5,21,16
1670529716.034925,10.10.1.100:37796,0,10,23,19
1670529716.037256,10.10.1.100:37792,0,5,21,17
1670529716.174971,10.10.1.100:37794,0,5,21,16
1670529716.177115,10.10.1.100:37796,0,10,24,19
1670529716.179322,10.10.1.100:37792,0,5,21,17
1670529716.291892,10.10.1.100:37794,0,5,21,16
1670529716.293058,10.10.1.100:37796,0,10,24,19
1670529716.294201,10.10.1.100:37792,0,5,21,17
1670529716.371750,10.10.1.100:37794,0,5,21,16
1670529716.372874,10.10.1.100:37796,0,10,24,19
1670529716.373993,10.10.1.100:37792,0,5,22,17
1670529716.453199,10.10.1.100:37794,0,5,21,16
1670529716.454526,10.10.1.100:37796,0,10,24,19
1670529716.455902,10.10.1.100:37792,0,5,22,17
1670529716.535649,10.10.1.100:37794,0,5,21,16
1670529716.537017,10.10.1.100:37796,0,10,25,19
1670529716.538303,10.10.1.100:37792,0,5,22,17
1670529716.617361,10.10.1.100:37794,0,5,22,16
1670529716.618488,10.10.1.100:37796,0,10,25,19
1670529716.619656,10.10.1.100:37792,0,5,22,17
1670529716.697891,10.10.1.100:37794,0,5,22,16
1670529716.699252,10.10.1.100:37796,0,10,25,19
1670529716.700570,10.10.1.100:37792,0,5,22,17
1670529716.779714,10.10.1.100:37794,0,5,23,16
1670529716.780838,10.10.1.100:37796,0,10,25,19
1670529716.781959,10.10.1.100:37792,0,5,22,17
1670529716.861413,10.10.1.100:37794,0,5,23,16
1670529716.862535,10.10.1.100:37796,0,10,25,19
1670529716.863699,10.10.1.100:37792,0,5,22,17
1670529716.942947,10.10.1.100:37794,0,5,23,16
1670529716.944271,10.10.1.100:37796,0,10,26,19
1670529716.945585,10.10.1.100:37792,0,5,23,17
1670529717.025752,10.10.1.100:37794,0,5,23,16
1670529717.027108,10.10.1.100:37796,0,10,26,19
1670529717.028424,10.10.1.100:37792,0,5,23,17
1670529717.107422,10.10.1.100:37794,0,5,23,16
1670529717.108747,10.10.1.100:37796,0,10,27,19
1670529717.110075,10.10.1.100:37792,0,5,23,17
1670529717.190375,10.10.1.100:37794,0,5,23,16
1670529717.191845,10.10.1.100:37796,0,10,27,19
1670529717.193238,10.10.1.100:37792,0,5,23,17
1670529717.272338,10.10.1.100:37794,0,5,23,16
1670529717.273470,10.10.1.100:37796,0,10,28,19
1670529717.274589,10.10.1.100:37792,0,5,23,17
1670529717.413891,10.10.1.100:37794,0,5,24,16
1670529717.415956,10.10.1.100:37796,0,10,28,19
1670529717.417916,10.10.1.100:37792,0,5,24,17
1670529717.539534,10.10.1.100:37794,0,5,25,16
1670529717.540865,10.10.1.100:37796,0,10,28,19
1670529717.542183,10.10.1.100:37792,0,5,25,17
1670529717.621389,10.10.1.100:37794,0,5,27,16
1670529717.622707,10.10.1.100:37796,0,10,28,19
1670529717.624087,10.10.1.100:37792,0,5,25,17
1670529717.704536,10.10.1.100:37794,1,6,26,18
1670529717.705936,10.10.1.100:37796,0,10,29,19
1670529717.707437,10.10.1.100:37792,0,5,25,17
1670529717.788118,10.10.1.100:37794,1,6,26,18
1670529717.789249,10.10.1.100:37796,0,10,31,19
1670529717.790388,10.10.1.100:37792,0,5,25,17
1670529717.868115,10.10.1.100:37794,1,6,25,18
1670529717.869587,10.10.1.100:37796,0,10,32,19
1670529717.870710,10.10.1.100:37792,0,5,25,17
1670529717.949738,10.10.1.100:37794,1,6,25,18
1670529717.951100,10.10.1.100:37796,0,10,33,19
1670529717.952457,10.10.1.100:37792,0,5,25,17
1670529718.032089,10.10.1.100:37794,1,6,25,18
1670529718.033408,10.10.1.100:37796,0,10,34,19
1670529718.034730,10.10.1.100:37792,3,8,21,17
1670529718.113961,10.10.1.100:37794,1,6,25,18
1670529718.115319,10.10.1.100:37796,0,10,34,19
1670529718.116676,10.10.1.100:37792,3,8,20,17
1670529718.197680,10.10.1.100:37794,1,6,23,18
1670529718.199051,10.10.1.100:37796,0,10,35,19
1670529718.200372,10.10.1.100:37792,5,10,17,17
1670529718.280227,10.10.1.100:37794,2,7,22,18
1670529718.281679,10.10.1.100:37796,0,10,35,19
1670529718.283044,10.10.1.100:37792,5,10,17,17
1670529718.361007,10.10.1.100:37794,3,8,20,18
1670529718.362125,10.10.1.100:37796,0,10,35,19
1670529718.363285,10.10.1.100:37792,6,11,16,17
1670529718.442346,10.10.1.100:37794,5,10,17,18
1670529718.443550,10.10.1.100:37796,0,10,35,19
1670529718.444679,10.10.1.100:37792,6,11,16,17
1670529718.524110,10.10.1.100:37794,4,10,18,18
1670529718.525433,10.10.1.100:37796,0,10,37,19
1670529718.526748,10.10.1.100:37792,6,11,16,17
1670529718.605816,10.10.1.100:37794,4,10,18,18
1670529718.607172,10.10.1.100:37796,1,11,35,25
1670529718.608559,10.10.1.100:37792,6,11,16,17
1670529718.688600,10.10.1.100:37794,4,10,18,18
1670529718.689935,10.10.1.100:37796,2,12,32,25
1670529718.691295,10.10.1.100:37792,6,11,16,17
1670529718.770807,10.10.1.100:37794,4,10,18,18
1670529718.772180,10.10.1.100:37796,2,12,30,25
1670529718.773502,10.10.1.100:37792,6,11,16,17
1670529718.853254,10.10.1.100:37794,4,10,18,18
1670529718.854379,10.10.1.100:37796,3,13,28,25
1670529718.855552,10.10.1.100:37792,4,12,17,17
1670529718.933992,10.10.1.100:37794,4,10,18,18
1670529718.935261,10.10.1.100:37796,3,13,27,25
1670529718.936395,10.10.1.100:37792,4,12,17,17
1670529719.015338,10.10.1.100:37794,4,10,18,18
1670529719.016670,10.10.1.100:37796,3,13,25,25
1670529719.017989,10.10.1.100:37792,2,12,17,17
1670529719.098230,10.10.1.100:37794,2,10,18,18
1670529719.099618,10.10.1.100:37796,3,13,25,25
1670529719.100940,10.10.1.100:37792,2,12,17,17
1670529719.181731,10.10.1.100:37794,1,10,18,18
1670529719.183118,10.10.1.100:37796,3,13,25,25
1670529719.184517,10.10.1.100:37792,1,12,17,17
1670529719.265353,10.10.1.100:37794,0,10,18,18
1670529719.266683,10.10.1.100:37796,3,13,25,25
1670529719.268078,10.10.1.100:37792,1,12,17,17
1670529719.347259,10.10.1.100:37794,0,10,18,18
1670529719.348391,10.10.1.100:37796,3,13,25,25
1670529719.349555,10.10.1.100:37792,1,12,17,17
1670529719.428688,10.10.1.100:37794,0,10,18,18
1670529719.429819,10.10.1.100:37796,1,13,25,25
1670529719.430975,10.10.1.100:37792,1,12,17,17
1670529719.510567,10.10.1.100:37794,0,10,19,18
1670529719.511733,10.10.1.100:37796,1,13,25,25
1670529719.513217,10.10.1.100:37792,1,12,17,17
1670529719.593001,10.10.1.100:37794,0,10,19,18
1670529719.594408,10.10.1.100:37796,0,13,25,25
1670529719.595784,10.10.1.100:37792,0,12,17,17
1670529719.675971,10.10.1.100:37794,0,10,19,18
1670529719.677316,10.10.1.100:37796,0,13,25,25
1670529719.678736,10.10.1.100:37792,0,12,17,17
1670529719.758409,10.10.1.100:37794,0,10,19,18
1670529719.759898,10.10.1.100:37796,0,13,26,25
1670529719.761236,10.10.1.100:37792,0,12,18,17
1670529719.876614,10.10.1.100:37794,0,10,20,18
1670529719.879307,10.10.1.100:37796,0,13,26,25
1670529719.881783,10.10.1.100:37792,0,12,18,17
1670529720.019368,10.10.1.100:37794,0,10,22,18
1670529720.020756,10.10.1.100:37796,0,13,26,25
1670529720.022098,10.10.1.100:37792,0,12,18,17
1670529720.101836,10.10.1.100:37794,0,10,22,18
1670529720.103263,10.10.1.100:37796,0,13,28,25
1670529720.104610,10.10.1.100:37792,0,12,19,17
1670529720.184911,10.10.1.100:37794,0,10,22,18
1670529720.186260,10.10.1.100:37796,0,13,29,25
1670529720.187651,10.10.1.100:37792,0,12,19,17
1670529720.267673,10.10.1.100:37794,0,10,22,18
1670529720.269091,10.10.1.100:37796,0,13,30,25
1670529720.270433,10.10.1.100:37792,0,12,19,17
1670529720.355652,10.10.1.100:37794,0,10,22,18
1670529720.358001,10.10.1.100:37796,0,13,30,25
1670529720.360632,10.10.1.100:37792,0,12,20,17
1670529720.502088,10.10.1.100:37794,0,10,22,18
1670529720.504228,10.10.1.100:37796,0,13,30,25
1670529720.506211,10.10.1.100:37792,0,12,21,17
1670529720.642537,10.10.1.100:37794,0,10,23,18
1670529720.644009,10.10.1.100:37796,0,13,31,25
1670529720.645351,10.10.1.100:37792,0,12,21,17
1670529720.724069,10.10.1.100:37794,0,10,24,18
1670529720.725460,10.10.1.100:37796,0,13,31,25
1670529720.726806,10.10.1.100:37792,0,12,22,17
1670529720.806111,10.10.1.100:37794,0,10,25,18
1670529720.807482,10.10.1.100:37796,0,13,31,25
1670529720.808831,10.10.1.100:37792,0,12,22,17
1670529720.887715,10.10.1.100:37794,0,10,25,18
1670529720.889401,10.10.1.100:37796,0,13,32,25
1670529720.890736,10.10.1.100:37792,0,12,22,17
1670529720.969788,10.10.1.100:37794,0,10,25,18
1670529720.971243,10.10.1.100:37796,0,13,33,25
1670529720.972592,10.10.1.100:37792,0,12,22,17
1670529721.052354,10.10.1.100:37794,0,10,25,18
1670529721.053488,10.10.1.100:37796,1,14,31,23
1670529721.054614,10.10.1.100:37792,0,12,22,17
1670529721.133186,10.10.1.100:37794,0,10,25,18
1670529721.134532,10.10.1.100:37796,1,14,30,23
1670529721.135915,10.10.1.100:37792,0,12,22,17
1670529721.216273,10.10.1.100:37794,0,10,25,18
1670529721.217403,10.10.1.100:37796,2,15,28,23
1670529721.218575,10.10.1.100:37792,1,13,22,16
1670529721.297566,10.10.1.100:37794,0,10,25,18
1670529721.299016,10.10.1.100:37796,2,15,28,23
1670529721.300354,10.10.1.100:37792,1,13,20,16
1670529721.379773,10.10.1.100:37794,1,11,24,17
1670529721.381151,10.10.1.100:37796,2,15,26,23
1670529721.382610,10.10.1.100:37792,1,13,19,16
1670529721.462184,10.10.1.100:37794,2,12,22,17
1670529721.463370,10.10.1.100:37796,2,15,26,23
1670529721.464533,10.10.1.100:37792,1,13,19,16
1670529721.543554,10.10.1.100:37794,3,13,18,17
1670529721.544721,10.10.1.100:37796,2,15,26,23
1670529721.545855,10.10.1.100:37792,1,13,18,16
1670529721.624591,10.10.1.100:37794,4,14,16,17
1670529721.625998,10.10.1.100:37796,3,16,26,23
1670529721.627390,10.10.1.100:37792,1,13,18,16
1670529721.706668,10.10.1.100:37794,4,14,16,17
1670529721.708094,10.10.1.100:37796,3,16,23,23
1670529721.709493,10.10.1.100:37792,2,14,16,16
1670529721.789047,10.10.1.100:37794,4,14,16,17
1670529721.790423,10.10.1.100:37796,4,17,23,23
1670529721.791830,10.10.1.100:37792,2,14,16,16
1670529721.871428,10.10.1.100:37794,4,14,16,17
1670529721.872779,10.10.1.100:37796,3,17,23,23
1670529721.874122,10.10.1.100:37792,2,14,16,16
1670529721.955832,10.10.1.100:37794,5,15,15,17
1670529721.957308,10.10.1.100:37796,2,17,23,23
1670529721.958746,10.10.1.100:37792,2,14,16,16
1670529722.037452,10.10.1.100:37794,5,15,15,17
1670529722.038913,10.10.1.100:37796,2,17,23,23
1670529722.040348,10.10.1.100:37792,1,14,16,16
1670529722.119431,10.10.1.100:37794,5,15,15,17
1670529722.120593,10.10.1.100:37796,2,17,23,23
1670529722.121798,10.10.1.100:37792,1,14,16,16
1670529722.201906,10.10.1.100:37794,3,15,17,17
1670529722.203383,10.10.1.100:37796,2,17,23,23
1670529722.204788,10.10.1.100:37792,1,14,16,16
1670529722.285785,10.10.1.100:37794,2,15,17,17
1670529722.287263,10.10.1.100:37796,2,17,23,23
1670529722.288686,10.10.1.100:37792,1,14,16,16
1670529722.369270,10.10.1.100:37794,1,15,17,17
1670529722.370687,10.10.1.100:37796,0,17,23,23
1670529722.372159,10.10.1.100:37792,0,14,16,16
1670529722.453483,10.10.1.100:37794,1,15,17,17
1670529722.454964,10.10.1.100:37796,0,17,23,23
1670529722.456387,10.10.1.100:37792,0,14,16,16
1670529722.536158,10.10.1.100:37794,1,15,17,17
1670529722.537292,10.10.1.100:37796,0,17,24,23
1670529722.538414,10.10.1.100:37792,0,14,16,16
1670529722.616233,10.10.1.100:37794,0,15,17,17
1670529722.617361,10.10.1.100:37796,0,17,24,23
1670529722.618545,10.10.1.100:37792,0,14,16,16
1670529722.697656,10.10.1.100:37794,0,15,17,17
1670529722.699080,10.10.1.100:37796,0,17,24,23
1670529722.700425,10.10.1.100:37792,0,14,17,16
1670529722.780270,10.10.1.100:37794,0,15,17,17
1670529722.781640,10.10.1.100:37796,0,17,24,23
1670529722.783010,10.10.1.100:37792,0,14,17,16
1670529722.861922,10.10.1.100:37794,0,15,18,17
1670529722.863295,10.10.1.100:37796,0,17,25,23
1670529722.864646,10.10.1.100:37792,0,14,17,16
1670529722.972234,10.10.1.100:37794,0,15,18,17
1670529722.974614,10.10.1.100:37796,0,17,25,23
1670529722.976890,10.10.1.100:37792,0,14,17,16
1670529723.118358,10.10.1.100:37794,0,15,18,17
1670529723.120786,10.10.1.100:37796,0,17,25,23
1670529723.123202,10.10.1.100:37792,0,14,18,16
1670529723.209515,10.10.1.100:37794,0,15,18,17
1670529723.210962,10.10.1.100:37796,0,17,26,23
1670529723.212315,10.10.1.100:37792,0,14,18,16
1670529723.291705,10.10.1.100:37794,0,15,19,17
1670529723.293080,10.10.1.100:37796,0,17,26,23
1670529723.294444,10.10.1.100:37792,0,14,18,16
1670529723.373939,10.10.1.100:37794,0,15,19,17
1670529723.375329,10.10.1.100:37796,0,17,26,23
1670529723.376675,10.10.1.100:37792,0,14,18,16
1670529723.461678,10.10.1.100:37794,0,15,19,17
1670529723.464129,10.10.1.100:37796,0,17,27,23
1670529723.467483,10.10.1.100:37792,0,14,18,16
1670529723.610197,10.10.1.100:37794,0,15,19,17
1670529723.612340,10.10.1.100:37796,0,17,27,23
1670529723.614300,10.10.1.100:37792,0,14,18,16
1670529723.753602,10.10.1.100:37794,0,15,20,17
1670529723.756029,10.10.1.100:37796,0,17,27,23
1670529723.758437,10.10.1.100:37792,0,14,18,16
1670529723.839389,10.10.1.100:37794,0,15,20,17
1670529723.840755,10.10.1.100:37796,0,17,27,23
1670529723.842071,10.10.1.100:37792,0,14,19,16
1670529723.921181,10.10.1.100:37794,0,15,20,17
1670529723.922505,10.10.1.100:37796,0,17,27,23
1670529723.923886,10.10.1.100:37792,0,14,19,16
1670529724.002565,10.10.1.100:37794,0,15,20,17
1670529724.003925,10.10.1.100:37796,0,17,27,23
1670529724.005298,10.10.1.100:37792,0,14,19,16
1670529724.084007,10.10.1.100:37794,0,15,20,17
1670529724.085132,10.10.1.100:37796,0,17,27,23
1670529724.086279,10.10.1.100:37792,0,14,19,16
1670529724.167758,10.10.1.100:37794,0,15,20,17
1670529724.169566,10.10.1.100:37796,0,17,27,23
1670529724.170936,10.10.1.100:37792,0,14,19,16
1670529724.285969,10.10.1.100:37794,0,15,20,17
1670529724.288571,10.10.1.100:37796,0,17,28,23
1670529724.291105,10.10.1.100:37792,0,14,19,16
1670529724.435923,10.10.1.100:37794,0,15,21,17
1670529724.438749,10.10.1.100:37796,0,17,28,23
1670529724.441171,10.10.1.100:37792,0,14,19,16
1670529724.586295,10.10.1.100:37794,0,15,21,17
1670529724.588959,10.10.1.100:37796,0,17,28,23
1670529724.591362,10.10.1.100:37792,0,14,19,16
1670529724.690887,10.10.1.100:37794,0,15,21,17
1670529724.692025,10.10.1.100:37796,0,17,28,23
1670529724.693150,10.10.1.100:37792,0,14,19,16
1670529724.772246,10.10.1.100:37794,0,15,21,17
1670529724.773651,10.10.1.100:37796,0,17,28,23
1670529724.775027,10.10.1.100:37792,0,14,19,16
1670529724.854559,10.10.1.100:37794,0,15,21,17
1670529724.855935,10.10.1.100:37796,0,17,28,23
1670529724.857261,10.10.1.100:37792,0,14,19,16
1670529724.936635,10.10.1.100:37794,0,15,21,17
1670529724.938045,10.10.1.100:37796,0,17,28,23
1670529724.939430,10.10.1.100:37792,0,14,19,16
1670529725.019809,10.10.1.100:37794,0,15,21,17
1670529725.021033,10.10.1.100:37796,0,17,28,23
1670529725.022162,10.10.1.100:37792,0,14,19,16
1670529725.100766,10.10.1.100:37794,0,15,21,17
1670529725.102099,10.10.1.100:37796,0,17,28,23
1670529725.103474,10.10.1.100:37792,0,14,19,16
1670529725.183834,10.10.1.100:37794,0,15,21,17
1670529725.185033,10.10.1.100:37796,0,17,28,23
1670529725.186228,10.10.1.100:37792,0,14,19,16
1670529725.264579,10.10.1.100:37794,0,15,21,17
1670529725.265718,10.10.1.100:37796,0,17,28,23
1670529725.266892,10.10.1.100:37792,0,14,19,16
1670529725.344748,10.10.1.100:37794,0,15,21,17
1670529725.345886,10.10.1.100:37796,0,17,28,23
1670529725.347063,10.10.1.100:37792,0,14,19,16
1670529725.425642,10.10.1.100:37794,0,15,21,17
1670529725.427018,10.10.1.100:37796,0,17,28,23
1670529725.428401,10.10.1.100:37792,0,14,19,16
1670529725.508536,10.10.1.100:37794,0,15,21,17
1670529725.509670,10.10.1.100:37796,0,17,28,23
1670529725.510799,10.10.1.100:37792,0,14,19,16
1670529725.591085,10.10.1.100:37794,0,15,21,17
1670529725.592418,10.10.1.100:37796,0,17,28,23
1670529725.593746,10.10.1.100:37792,0,14,19,16
1670529725.672815,10.10.1.100:37794,0,15,21,17
1670529725.673954,10.10.1.100:37796,0,17,28,23
1670529725.675127,10.10.1.100:37792,0,14,20,16
1670529725.752949,10.10.1.100:37794,0,15,21,17
1670529725.754089,10.10.1.100:37796,0,17,28,23
1670529725.755282,10.10.1.100:37792,0,14,20,16
1670529725.834028,10.10.1.100:37794,0,15,21,17
1670529725.835400,10.10.1.100:37796,0,17,28,23
1670529725.836729,10.10.1.100:37792,0,14,20,16
1670529725.915767,10.10.1.100:37794,0,15,21,17
1670529725.916897,10.10.1.100:37796,0,17,29,23
1670529725.918038,10.10.1.100:37792,0,14,20,16
1670529725.997097,10.10.1.100:37794,0,15,21,17
1670529725.998436,10.10.1.100:37796,0,17,29,23
1670529725.999834,10.10.1.100:37792,0,14,20,16
1670529726.078468,10.10.1.100:37794,0,15,22,17
1670529726.079659,10.10.1.100:37796,0,17,29,23
1670529726.080801,10.10.1.100:37792,0,14,20,16
1670529726.177759,10.10.1.100:37794,0,15,22,17
1670529726.179709,10.10.1.100:37796,0,17,29,23
1670529726.181692,10.10.1.100:37792,0,14,20,16
1670529726.311912,10.10.1.100:37794,0,15,22,17
1670529726.313682,10.10.1.100:37796,0,17,29,23
1670529726.315451,10.10.1.100:37792,0,14,20,16
1670529726.445406,10.10.1.100:37794,0,15,22,17
1670529726.447476,10.10.1.100:37796,0,17,29,23
1670529726.449565,10.10.1.100:37792,0,14,21,16
1670529726.591845,10.10.1.100:37794,0,15,22,17
1670529726.594222,10.10.1.100:37796,0,17,30,23
1670529726.596551,10.10.1.100:37792,0,14,21,16
1670529726.694984,10.10.1.100:37794,0,15,23,17
1670529726.696326,10.10.1.100:37796,0,17,30,23
1670529726.697690,10.10.1.100:37792,0,14,22,16
1670529726.776253,10.10.1.100:37794,0,15,23,17
1670529726.777400,10.10.1.100:37796,1,18,29,21
1670529726.778541,10.10.1.100:37792,0,14,22,16
1670529726.856831,10.10.1.100:37794,0,15,23,17
1670529726.858157,10.10.1.100:37796,1,18,28,21
1670529726.859553,10.10.1.100:37792,0,14,22,16
1670529726.938696,10.10.1.100:37794,1,16,22,16
1670529726.939872,10.10.1.100:37796,1,18,28,21
1670529726.940999,10.10.1.100:37792,0,14,23,16
1670529727.020101,10.10.1.100:37794,1,16,21,16
1670529727.021477,10.10.1.100:37796,1,18,28,21
1670529727.022813,10.10.1.100:37792,0,14,23,16
1670529727.101904,10.10.1.100:37794,1,16,21,16
1670529727.103078,10.10.1.100:37796,1,18,26,21
1670529727.104218,10.10.1.100:37792,0,14,23,16
1670529727.183627,10.10.1.100:37794,1,16,21,16
1670529727.185011,10.10.1.100:37796,1,18,24,21
1670529727.186402,10.10.1.100:37792,0,14,23,16
1670529727.265715,10.10.1.100:37794,1,16,20,16
1670529727.266926,10.10.1.100:37796,1,18,23,21
1670529727.268061,10.10.1.100:37792,0,14,24,16
1670529727.346793,10.10.1.100:37794,1,16,20,16
1670529727.348013,10.10.1.100:37796,1,18,23,21
1670529727.349172,10.10.1.100:37792,2,16,21,16
1670529727.428789,10.10.1.100:37794,1,16,20,16
1670529727.430142,10.10.1.100:37796,1,18,23,21
1670529727.431523,10.10.1.100:37792,2,16,18,16
1670529727.550909,10.10.1.100:37794,1,16,19,16
1670529727.553268,10.10.1.100:37796,2,19,21,21
1670529727.555715,10.10.1.100:37792,2,16,18,16
1670529727.692809,10.10.1.100:37794,1,16,17,16
1670529727.695047,10.10.1.100:37796,1,19,21,21
1670529727.697203,10.10.1.100:37792,2,16,18,16
1670529727.801754,10.10.1.100:37794,1,17,16,16
1670529727.802918,10.10.1.100:37796,1,19,21,21
1670529727.804042,10.10.1.100:37792,3,17,16,16
1670529727.881737,10.10.1.100:37794,1,17,16,16
1670529727.882905,10.10.1.100:37796,1,19,21,21
1670529727.884047,10.10.1.100:37792,3,17,16,16
1670529727.963884,10.10.1.100:37794,1,17,16,16
1670529727.965304,10.10.1.100:37796,1,19,21,21
1670529727.967020,10.10.1.100:37792,3,17,16,16
1670529728.050016,10.10.1.100:37794,1,17,16,16
1670529728.051426,10.10.1.100:37796,1,19,21,21
1670529728.052763,10.10.1.100:37792,2,17,16,16
1670529728.131985,10.10.1.100:37794,1,17,16,16
1670529728.133127,10.10.1.100:37796,1,19,21,21
1670529728.134258,10.10.1.100:37792,1,17,16,16
1670529728.213112,10.10.1.100:37794,1,17,16,16
1670529728.214505,10.10.1.100:37796,0,19,21,21
1670529728.215908,10.10.1.100:37792,1,17,16,16
1670529728.294942,10.10.1.100:37794,1,17,16,16
1670529728.296079,10.10.1.100:37796,0,19,22,21
1670529728.297205,10.10.1.100:37792,1,17,16,16
1670529728.376466,10.10.1.100:37794,0,17,16,16
1670529728.377848,10.10.1.100:37796,0,19,22,21
1670529728.379268,10.10.1.100:37792,0,17,16,16
1670529728.457847,10.10.1.100:37794,0,17,16,16
1670529728.459094,10.10.1.100:37796,0,19,22,21
1670529728.460233,10.10.1.100:37792,0,17,16,16
1670529728.538767,10.10.1.100:37794,0,17,16,16
1670529728.539990,10.10.1.100:37796,0,19,23,21
1670529728.541158,10.10.1.100:37792,0,17,16,16
1670529728.619143,10.10.1.100:37794,0,17,16,16
1670529728.620488,10.10.1.100:37796,0,19,24,21
1670529728.621816,10.10.1.100:37792,0,17,17,16
1670529728.701905,10.10.1.100:37794,0,17,17,16
1670529728.703116,10.10.1.100:37796,0,19,24,21
1670529728.704274,10.10.1.100:37792,0,17,17,16
1670529728.783381,10.10.1.100:37794,0,17,17,16
1670529728.784769,10.10.1.100:37796,0,19,24,21
1670529728.786107,10.10.1.100:37792,0,17,18,16
1670529728.864362,10.10.1.100:37794,0,17,17,16
1670529728.865519,10.10.1.100:37796,0,19,25,21
1670529728.866646,10.10.1.100:37792,0,17,18,16
1670529728.944990,10.10.1.100:37794,0,17,18,16
1670529728.946133,10.10.1.100:37796,0,19,25,21
1670529728.947301,10.10.1.100:37792,0,17,18,16
1670529729.026319,10.10.1.100:37794,0,17,18,16
1670529729.027777,10.10.1.100:37796,0,19,25,21
1670529729.029118,10.10.1.100:37792,0,17,19,16
1670529729.106881,10.10.1.100:37794,0,17,19,16
1670529729.108018,10.10.1.100:37796,0,19,26,21
1670529729.109137,10.10.1.100:37792,0,17,19,16
1670529729.188561,10.10.1.100:37794,0,17,19,16
1670529729.189953,10.10.1.100:37796,0,19,26,21
1670529729.191343,10.10.1.100:37792,0,17,19,16
1670529729.270393,10.10.1.100:37794,0,17,19,16
1670529729.271764,10.10.1.100:37796,0,19,27,21
1670529729.273088,10.10.1.100:37792,0,17,19,16
1670529729.409561,10.10.1.100:37794,0,17,20,16
1670529729.411753,10.10.1.100:37796,0,19,27,21
1670529729.413832,10.10.1.100:37792,0,17,20,16
1670529729.535607,10.10.1.100:37794,0,17,20,16
1670529729.536935,10.10.1.100:37796,0,19,27,21
1670529729.538498,10.10.1.100:37792,0,17,21,16
1670529729.683380,10.10.1.100:37794,0,17,20,16
1670529729.685858,10.10.1.100:37796,0,19,28,21
1670529729.688271,10.10.1.100:37792,0,17,21,16
1670529729.801005,10.10.1.100:37794,0,17,21,16
1670529729.802350,10.10.1.100:37796,0,19,28,21
1670529729.803716,10.10.1.100:37792,0,17,22,16
1670529729.882266,10.10.1.100:37794,0,17,22,16
1670529729.883461,10.10.1.100:37796,0,19,28,21
1670529729.884678,10.10.1.100:37792,0,17,22,16
1670529729.962809,10.10.1.100:37794,0,17,22,16
1670529729.963997,10.10.1.100:37796,0,19,29,21
1670529729.965121,10.10.1.100:37792,0,17,22,16
1670529730.043751,10.10.1.100:37794,0,17,22,16
1670529730.045091,10.10.1.100:37796,0,19,29,21
1670529730.046332,10.10.1.100:37792,0,17,22,16
1670529730.163077,10.10.1.100:37794,0,17,22,16
1670529730.165423,10.10.1.100:37796,0,19,29,21
1670529730.167804,10.10.1.100:37792,0,17,22,16
1670529730.288878,10.10.1.100:37794,0,17,22,16
1670529730.290067,10.10.1.100:37796,0,19,29,21
1670529730.291269,10.10.1.100:37792,0,17,23,16
1670529730.369262,10.10.1.100:37794,0,17,22,16
1670529730.370401,10.10.1.100:37796,0,19,29,21
1670529730.371589,10.10.1.100:37792,0,17,23,16
1670529730.450200,10.10.1.100:37794,0,17,22,16
1670529730.451387,10.10.1.100:37796,0,19,29,21
1670529730.452504,10.10.1.100:37792,0,17,23,16
1670529730.529588,10.10.1.100:37794,1,18,22,16
1670529730.530491,10.10.1.100:37796,0,19,29,21
1670529730.531434,10.10.1.100:37792,0,17,23,16
1670529730.610636,10.10.1.100:37794,2,19,20,16
1670529730.611586,10.10.1.100:37796,0,19,29,21
1670529730.612479,10.10.1.100:37792,0,17,23,16
1670529730.691804,10.10.1.100:37794,3,20,18,16
1670529730.693148,10.10.1.100:37796,0,19,29,21
1670529730.694484,10.10.1.100:37792,0,17,23,16
1670529730.773840,10.10.1.100:37794,3,20,18,16
1670529730.775027,10.10.1.100:37796,0,19,29,21
1670529730.776166,10.10.1.100:37792,0,17,23,16
1670529730.854245,10.10.1.100:37794,3,20,18,16
1670529730.855421,10.10.1.100:37796,1,20,28,21
1670529730.856580,10.10.1.100:37792,0,17,23,16
1670529730.934964,10.10.1.100:37794,3,20,16,16
1670529730.936109,10.10.1.100:37796,1,20,27,21
1670529730.937247,10.10.1.100:37792,0,17,23,16
1670529731.015477,10.10.1.100:37794,3,20,16,16
1670529731.016623,10.10.1.100:37796,1,20,27,21
1670529731.017787,10.10.1.100:37792,0,17,23,16
1670529731.096507,10.10.1.100:37794,3,20,16,16
1670529731.097647,10.10.1.100:37796,1,20,27,21
1670529731.098822,10.10.1.100:37792,1,18,22,16
1670529731.177521,10.10.1.100:37794,3,20,16,16
1670529731.178703,10.10.1.100:37796,1,20,26,21
1670529731.179928,10.10.1.100:37792,1,18,21,16
1670529731.260316,10.10.1.100:37794,3,20,16,16
1670529731.261677,10.10.1.100:37796,1,20,25,21
1670529731.263389,10.10.1.100:37792,1,18,21,16
1670529731.343248,10.10.1.100:37794,4,21,15,16
1670529731.344627,10.10.1.100:37796,1,20,24,21
1670529731.345961,10.10.1.100:37792,1,18,21,16
1670529731.425719,10.10.1.100:37794,2,21,16,16
1670529731.426911,10.10.1.100:37796,1,20,24,21
1670529731.428052,10.10.1.100:37792,1,18,19,16
1670529731.507071,10.10.1.100:37794,1,21,16,16
1670529731.508268,10.10.1.100:37796,1,20,23,21
1670529731.509412,10.10.1.100:37792,1,18,19,16
1670529731.587879,10.10.1.100:37794,1,21,16,16
1670529731.589010,10.10.1.100:37796,1,20,21,21
1670529731.590176,10.10.1.100:37792,1,18,19,16
1670529731.669730,10.10.1.100:37794,1,21,16,16
1670529731.670911,10.10.1.100:37796,0,20,21,21
1670529731.672048,10.10.1.100:37792,1,18,19,16
1670529731.750964,10.10.1.100:37794,1,21,16,16
1670529731.752302,10.10.1.100:37796,0,20,21,21
1670529731.753629,10.10.1.100:37792,1,18,17,16
1670529731.833652,10.10.1.100:37794,1,21,16,16
1670529731.835072,10.10.1.100:37796,0,20,22,21
1670529731.836401,10.10.1.100:37792,1,18,16,16
1670529731.915935,10.10.1.100:37794,1,21,16,16
1670529731.917269,10.10.1.100:37796,0,20,22,21
1670529731.918602,10.10.1.100:37792,0,18,16,16
1670529731.997102,10.10.1.100:37794,1,21,16,16
1670529731.998229,10.10.1.100:37796,0,20,23,21
1670529731.999407,10.10.1.100:37792,0,18,16,16
1670529732.078277,10.10.1.100:37794,0,21,16,16
1670529732.079457,10.10.1.100:37796,0,20,23,21
1670529732.080585,10.10.1.100:37792,0,18,16,16
1670529732.159175,10.10.1.100:37794,0,21,16,16
1670529732.160329,10.10.1.100:37796,0,20,23,21
1670529732.161513,10.10.1.100:37792,0,18,17,16
1670529732.240587,10.10.1.100:37794,0,21,16,16
1670529732.241921,10.10.1.100:37796,0,20,24,21
1670529732.243290,10.10.1.100:37792,0,18,17,16
1670529732.323083,10.10.1.100:37794,0,21,16,16
1670529732.324261,10.10.1.100:37796,0,20,25,21
1670529732.325552,10.10.1.100:37792,0,18,17,16
1670529732.406518,10.10.1.100:37794,0,21,17,16
1670529732.407894,10.10.1.100:37796,0,20,25,21
1670529732.409223,10.10.1.100:37792,0,18,18,16
1670529732.488632,10.10.1.100:37794,0,21,17,16
1670529732.489820,10.10.1.100:37796,0,20,26,21
1670529732.490985,10.10.1.100:37792,0,18,18,16
1670529732.569502,10.10.1.100:37794,0,21,17,16
1670529732.570645,10.10.1.100:37796,0,20,26,21
1670529732.571825,10.10.1.100:37792,0,18,19,16
1670529732.651105,10.10.1.100:37794,0,21,17,16
1670529732.652438,10.10.1.100:37796,0,20,26,21
1670529732.653767,10.10.1.100:37792,0,18,19,16
1670529732.733224,10.10.1.100:37794,0,21,18,16
1670529732.734554,10.10.1.100:37796,0,20,27,21
1670529732.735954,10.10.1.100:37792,0,18,19,16
1670529732.815332,10.10.1.100:37794,0,21,18,16
1670529732.816721,10.10.1.100:37796,0,20,27,21
1670529732.818048,10.10.1.100:37792,0,18,20,16
1670529732.897862,10.10.1.100:37794,0,21,18,16
1670529732.899234,10.10.1.100:37796,0,20,27,21
1670529732.900590,10.10.1.100:37792,0,18,20,16
1670529732.979662,10.10.1.100:37794,0,21,18,16
1670529732.980851,10.10.1.100:37796,0,20,27,21
1670529732.981992,10.10.1.100:37792,0,18,20,16
1670529733.060322,10.10.1.100:37794,0,21,18,16
1670529733.061453,10.10.1.100:37796,0,20,28,21
1670529733.062608,10.10.1.100:37792,0,18,21,16
1670529733.177076,10.10.1.100:37794,0,21,18,16
1670529733.179732,10.10.1.100:37796,0,20,28,21
1670529733.182266,10.10.1.100:37792,0,18,21,16
1670529733.322070,10.10.1.100:37794,0,21,18,16
1670529733.324469,10.10.1.100:37796,0,20,28,21
1670529733.326910,10.10.1.100:37792,0,18,22,16
1670529733.469423,10.10.1.100:37794,0,21,18,16
1670529733.471799,10.10.1.100:37796,0,20,29,21
1670529733.474117,10.10.1.100:37792,0,18,22,16
1670529733.615390,10.10.1.100:37794,0,21,19,16
1670529733.617563,10.10.1.100:37796,0,20,29,21
1670529733.619705,10.10.1.100:37792,0,18,22,16
1670529733.706499,10.10.1.100:37794,0,21,19,16
1670529733.707889,10.10.1.100:37796,0,20,29,21
1670529733.709208,10.10.1.100:37792,0,18,23,16
1670529733.788007,10.10.1.100:37794,0,21,19,16
1670529733.789357,10.10.1.100:37796,0,20,29,21
1670529733.790681,10.10.1.100:37792,0,18,23,16
1670529733.869587,10.10.1.100:37794,0,21,19,16
1670529733.870953,10.10.1.100:37796,0,20,29,21
1670529733.872279,10.10.1.100:37792,0,18,23,16
1670529733.962296,10.10.1.100:37794,0,21,19,16
1670529733.964816,10.10.1.100:37796,0,20,29,21
1670529733.967415,10.10.1.100:37792,0,18,23,16
1670529734.111984,10.10.1.100:37794,0,21,19,16
1670529734.114143,10.10.1.100:37796,0,20,29,21
1670529734.116227,10.10.1.100:37792,0,18,23,16
1670529734.256348,10.10.1.100:37794,0,21,19,16
1670529734.258976,10.10.1.100:37796,0,20,30,21
1670529734.261543,10.10.1.100:37792,0,18,23,16
1670529734.405978,10.10.1.100:37794,0,21,19,16
1670529734.408428,10.10.1.100:37796,0,20,30,21
1670529734.411426,10.10.1.100:37792,0,18,23,16
1670529734.554739,10.10.1.100:37794,1,22,17,13
1670529734.557306,10.10.1.100:37796,0,20,30,21
1670529734.559905,10.10.1.100:37792,0,18,23,16
1670529734.704571,10.10.1.100:37794,1,22,17,13
1670529734.707147,10.10.1.100:37796,0,20,30,21
1670529734.709214,10.10.1.100:37792,0,18,23,16
1670529734.813218,10.10.1.100:37794,1,22,16,13
1670529734.814666,10.10.1.100:37796,0,20,30,21
1670529734.816057,10.10.1.100:37792,1,19,21,16
1670529734.895794,10.10.1.100:37794,1,22,16,13
1670529734.897148,10.10.1.100:37796,0,20,30,21
1670529734.898953,10.10.1.100:37792,1,19,20,16
1670529735.040208,10.10.1.100:37794,1,22,15,13
1670529735.042369,10.10.1.100:37796,0,20,30,21
1670529735.044629,10.10.1.100:37792,1,19,18,16
1670529735.159626,10.10.1.100:37794,1,22,13,13
1670529735.160906,10.10.1.100:37796,1,21,29,21
1670529735.162034,10.10.1.100:37792,1,19,18,16
1670529735.241717,10.10.1.100:37794,0,22,13,13
1670529735.243096,10.10.1.100:37796,1,21,28,21
1670529735.244436,10.10.1.100:37792,1,19,16,16
1670529735.324124,10.10.1.100:37794,0,22,13,13
1670529735.325478,10.10.1.100:37796,1,21,28,21
1670529735.326807,10.10.1.100:37792,1,19,16,16
1670529735.406478,10.10.1.100:37794,0,22,13,13
1670529735.407907,10.10.1.100:37796,1,21,26,21
1670529735.409263,10.10.1.100:37792,1,19,16,16
1670529735.488806,10.10.1.100:37794,0,22,13,13
1670529735.490183,10.10.1.100:37796,1,21,25,21
1670529735.491582,10.10.1.100:37792,1,19,16,16
1670529735.626389,10.10.1.100:37794,0,22,14,13
1670529735.628818,10.10.1.100:37796,1,21,23,21
1670529735.630780,10.10.1.100:37792,0,19,16,16
1670529735.776401,10.10.1.100:37794,0,22,14,13
1670529735.778762,10.10.1.100:37796,1,21,22,21
1670529735.781227,10.10.1.100:37792,0,19,16,16
1670529735.907329,10.10.1.100:37794,0,22,15,13
1670529735.908697,10.10.1.100:37796,0,21,21,21
1670529735.910038,10.10.1.100:37792,0,19,17,16
1670529735.989088,10.10.1.100:37794,0,22,16,13
1670529735.990441,10.10.1.100:37796,0,21,21,21
1670529735.991847,10.10.1.100:37792,0,19,17,16
1670529736.072137,10.10.1.100:37794,0,22,16,13
1670529736.073497,10.10.1.100:37796,0,21,22,21
1670529736.074940,10.10.1.100:37792,0,19,17,16
1670529736.155466,10.10.1.100:37794,0,22,16,13
1670529736.156895,10.10.1.100:37796,0,21,23,21
1670529736.158063,10.10.1.100:37792,0,19,17,16
1670529736.238370,10.10.1.100:37794,0,22,16,13
1670529736.239576,10.10.1.100:37796,0,21,23,21
1670529736.240706,10.10.1.100:37792,0,19,18,16
1670529736.321415,10.10.1.100:37794,0,22,16,13
1670529736.322798,10.10.1.100:37796,0,21,23,21
1670529736.324333,10.10.1.100:37792,0,19,18,16
1670529736.405192,10.10.1.100:37794,0,22,16,13
1670529736.406562,10.10.1.100:37796,0,21,24,21
1670529736.407943,10.10.1.100:37792,0,19,18,16
1670529736.488442,10.10.1.100:37794,0,22,17,13
1670529736.489879,10.10.1.100:37796,0,21,25,21
1670529736.491318,10.10.1.100:37792,0,19,18,16
1670529736.572372,10.10.1.100:37794,0,22,17,13
1670529736.573728,10.10.1.100:37796,0,21,25,21
1670529736.575164,10.10.1.100:37792,0,19,18,16
1670529736.656077,10.10.1.100:37794,0,22,18,13
1670529736.657577,10.10.1.100:37796,0,21,25,21
1670529736.658822,10.10.1.100:37792,0,19,18,16
1670529736.738013,10.10.1.100:37794,0,22,18,13
1670529736.739195,10.10.1.100:37796,0,21,25,21
1670529736.740324,10.10.1.100:37792,0,19,18,16
1670529736.818676,10.10.1.100:37794,0,22,18,13
1670529736.820066,10.10.1.100:37796,0,21,26,21
1670529736.821410,10.10.1.100:37792,0,19,18,16
1670529736.901023,10.10.1.100:37794,0,22,18,13
1670529736.902438,10.10.1.100:37796,0,21,27,21
1670529736.903826,10.10.1.100:37792,0,19,19,16
1670529736.982469,10.10.1.100:37794,0,22,18,13
1670529736.983859,10.10.1.100:37796,0,21,27,21
1670529736.985197,10.10.1.100:37792,0,19,19,16
1670529737.065054,10.10.1.100:37794,0,22,18,13
1670529737.066474,10.10.1.100:37796,0,21,27,21
1670529737.068003,10.10.1.100:37792,0,19,19,16
1670529737.170230,10.10.1.100:37794,0,22,18,13
1670529737.172930,10.10.1.100:37796,0,21,27,21
1670529737.175119,10.10.1.100:37792,0,19,19,16
1670529737.314712,10.10.1.100:37794,0,22,18,13
1670529737.316625,10.10.1.100:37796,0,21,28,21
1670529737.318484,10.10.1.100:37792,0,19,19,16
1670529737.427180,10.10.1.100:37794,0,22,19,13
1670529737.428536,10.10.1.100:37796,0,21,28,21
1670529737.429910,10.10.1.100:37792,0,19,19,16
1670529737.511114,10.10.1.100:37794,0,22,19,13
1670529737.512505,10.10.1.100:37796,0,21,28,21
1670529737.514183,10.10.1.100:37792,0,19,19,16
1670529737.594523,10.10.1.100:37794,0,22,19,13
1670529737.595915,10.10.1.100:37796,0,21,29,21
1670529737.597418,10.10.1.100:37792,0,19,19,16
1670529737.680231,10.10.1.100:37794,0,22,19,13
1670529737.681610,10.10.1.100:37796,0,21,29,21
1670529737.682993,10.10.1.100:37792,0,19,19,16
1670529737.761679,10.10.1.100:37794,0,22,19,13
1670529737.763196,10.10.1.100:37796,0,21,29,21
1670529737.764333,10.10.1.100:37792,0,19,19,16
1670529737.842238,10.10.1.100:37794,0,22,19,13
1670529737.843433,10.10.1.100:37796,0,21,29,21
1670529737.844560,10.10.1.100:37792,0,19,19,16
1670529737.924538,10.10.1.100:37794,0,22,19,13
1670529737.925917,10.10.1.100:37796,0,21,29,21
1670529737.927304,10.10.1.100:37792,0,19,19,16
1670529738.006614,10.10.1.100:37794,0,22,19,13
1670529738.008045,10.10.1.100:37796,0,21,29,21
1670529738.009425,10.10.1.100:37792,0,19,19,16
1670529738.088802,10.10.1.100:37794,0,22,19,13
1670529738.090199,10.10.1.100:37796,0,21,29,21
1670529738.091587,10.10.1.100:37792,0,19,19,16
1670529738.171476,10.10.1.100:37794,0,22,19,13
1670529738.172823,10.10.1.100:37796,0,21,29,21
1670529738.174202,10.10.1.100:37792,0,19,19,16
1670529738.282486,10.10.1.100:37794,0,22,19,13
1670529738.285046,10.10.1.100:37796,0,21,29,21
1670529738.287178,10.10.1.100:37792,0,19,19,16
1670529738.424629,10.10.1.100:37794,0,22,19,13
1670529738.426802,10.10.1.100:37796,0,21,30,21
1670529738.429109,10.10.1.100:37792,0,19,19,16
1670529738.541421,10.10.1.100:37794,0,22,19,13
1670529738.542756,10.10.1.100:37796,0,21,30,21
1670529738.544109,10.10.1.100:37792,0,19,19,16
1670529738.623366,10.10.1.100:37794,0,22,19,13
1670529738.624787,10.10.1.100:37796,0,21,30,21
1670529738.626131,10.10.1.100:37792,0,19,19,16
1670529738.706331,10.10.1.100:37794,0,22,19,13
1670529738.707738,10.10.1.100:37796,0,21,30,21
1670529738.709107,10.10.1.100:37792,0,19,19,16
1670529738.846125,10.10.1.100:37794,0,22,19,13
1670529738.848249,10.10.1.100:37796,0,21,30,21
1670529738.850229,10.10.1.100:37792,0,19,19,16
1670529738.981968,10.10.1.100:37794,0,22,19,13
1670529738.984203,10.10.1.100:37796,0,21,30,21
1670529738.986348,10.10.1.100:37792,0,19,20,16
1670529739.075728,10.10.1.100:37794,0,22,19,13
1670529739.077075,10.10.1.100:37796,0,21,30,21
1670529739.078463,10.10.1.100:37792,0,19,20,16
1670529739.157901,10.10.1.100:37794,0,22,20,13
1670529739.159282,10.10.1.100:37796,0,21,30,21
1670529739.160605,10.10.1.100:37792,0,19,20,16
1670529739.240032,10.10.1.100:37794,0,22,20,13
1670529739.241392,10.10.1.100:37796,0,21,30,21
1670529739.242730,10.10.1.100:37792,0,19,20,16
1670529739.321343,10.10.1.100:37794,0,22,20,13
1670529739.322478,10.10.1.100:37796,0,21,30,21
1670529739.323648,10.10.1.100:37792,0,19,20,16
1670529739.404402,10.10.1.100:37794,0,22,20,13
1670529739.405562,10.10.1.100:37796,0,21,30,21
1670529739.406713,10.10.1.100:37792,0,19,20,16
1670529739.534822,10.10.1.100:37794,0,22,20,13
1670529739.537245,10.10.1.100:37796,0,21,30,21
1670529739.539703,10.10.1.100:37792,0,19,21,16
1670529739.685443,10.10.1.100:37794,0,22,20,13
1670529739.687865,10.10.1.100:37796,0,21,30,21
1670529739.690363,10.10.1.100:37792,0,19,21,16
1670529739.835275,10.10.1.100:37794,0,22,21,13
1670529739.837605,10.10.1.100:37796,0,21,30,21
1670529739.840007,10.10.1.100:37792,0,19,22,16
1670529739.940791,10.10.1.100:37794,0,22,21,13
1670529739.942130,10.10.1.100:37796,0,21,31,21
1670529739.943490,10.10.1.100:37792,0,19,22,16
1670529740.022593,10.10.1.100:37794,0,22,22,13
1670529740.023974,10.10.1.100:37796,1,22,30,21
1670529740.025300,10.10.1.100:37792,0,19,22,16
1670529740.105065,10.10.1.100:37794,0,22,22,13
1670529740.106369,10.10.1.100:37796,1,22,29,21
1670529740.107819,10.10.1.100:37792,0,19,23,16
1670529740.188625,10.10.1.100:37794,0,22,22,13
1670529740.189952,10.10.1.100:37796,1,22,28,21
1670529740.191321,10.10.1.100:37792,0,19,23,16
1670529740.329033,10.10.1.100:37794,0,22,22,13
1670529740.331433,10.10.1.100:37796,1,22,27,21
1670529740.333758,10.10.1.100:37792,0,19,24,16
1670529740.436836,10.10.1.100:37794,1,23,21,15
1670529740.437970,10.10.1.100:37796,1,22,25,21
1670529740.439147,10.10.1.100:37792,0,19,25,16
1670529740.518089,10.10.1.100:37794,1,23,19,15
1670529740.519488,10.10.1.100:37796,1,22,24,21
1670529740.520817,10.10.1.100:37792,0,19,25,16
1670529740.599733,10.10.1.100:37794,2,24,17,15
1670529740.601064,10.10.1.100:37796,1,22,24,21
1670529740.602402,10.10.1.100:37792,0,19,26,16
1670529740.681716,10.10.1.100:37794,2,24,15,15
1670529740.683082,10.10.1.100:37796,1,22,23,21
1670529740.684405,10.10.1.100:37792,1,20,26,18
1670529740.765121,10.10.1.100:37794,2,24,15,15
1670529740.766477,10.10.1.100:37796,2,23,21,21
1670529740.767879,10.10.1.100:37792,1,20,26,18
1670529740.847724,10.10.1.100:37794,2,24,15,15
1670529740.849088,10.10.1.100:37796,1,23,21,21
1670529740.850371,10.10.1.100:37792,1,20,25,18
1670529740.929351,10.10.1.100:37794,3,25,14,15
1670529740.930770,10.10.1.100:37796,1,23,21,21
1670529740.932163,10.10.1.100:37792,1,20,24,18
1670529741.011120,10.10.1.100:37794,3,25,14,15
1670529741.012477,10.10.1.100:37796,1,23,21,21
1670529741.014133,10.10.1.100:37792,1,20,23,18
1670529741.093578,10.10.1.100:37794,3,25,14,15
1670529741.094985,10.10.1.100:37796,1,23,21,21
1670529741.096321,10.10.1.100:37792,1,20,22,18
1670529741.176057,10.10.1.100:37794,3,25,14,15
1670529741.177407,10.10.1.100:37796,1,23,21,21
1670529741.178750,10.10.1.100:37792,1,20,20,18
1670529741.258430,10.10.1.100:37794,2,25,15,15
1670529741.259824,10.10.1.100:37796,1,23,21,21
1670529741.261160,10.10.1.100:37792,1,20,20,18
1670529741.341113,10.10.1.100:37794,1,25,15,15
1670529741.342496,10.10.1.100:37796,1,23,21,21
1670529741.343905,10.10.1.100:37792,1,20,18,18
1670529741.446429,10.10.1.100:37794,1,25,15,15
1670529741.448542,10.10.1.100:37796,1,23,21,21
1670529741.450519,10.10.1.100:37792,0,20,18,18
1670529741.592318,10.10.1.100:37794,1,25,15,15
1670529741.594692,10.10.1.100:37796,0,23,21,21
1670529741.597194,10.10.1.100:37792,0,20,18,18
1670529741.695108,10.10.1.100:37794,0,25,15,15
1670529741.696457,10.10.1.100:37796,0,23,22,21
1670529741.697800,10.10.1.100:37792,0,20,18,18
1670529741.779075,10.10.1.100:37794,0,25,15,15
1670529741.780475,10.10.1.100:37796,0,23,23,21
1670529741.781818,10.10.1.100:37792,0,20,19,18
1670529741.861238,10.10.1.100:37794,0,25,15,15
1670529741.862624,10.10.1.100:37796,0,23,23,21
1670529741.864091,10.10.1.100:37792,0,20,20,18
1670529741.943849,10.10.1.100:37794,0,25,16,15
1670529741.944987,10.10.1.100:37796,0,23,24,21
1670529741.946120,10.10.1.100:37792,0,20,20,18
1670529742.025352,10.10.1.100:37794,0,25,16,15
1670529742.026712,10.10.1.100:37796,0,23,24,21
1670529742.028101,10.10.1.100:37792,0,20,20,18
1670529742.107510,10.10.1.100:37794,0,25,16,15
1670529742.108859,10.10.1.100:37796,0,23,24,21
1670529742.110194,10.10.1.100:37792,0,20,21,18
1670529742.190834,10.10.1.100:37794,0,25,17,15
1670529742.192220,10.10.1.100:37796,0,23,25,21
1670529742.193565,10.10.1.100:37792,0,20,21,18
1670529742.274326,10.10.1.100:37794,0,25,17,15
1670529742.276212,10.10.1.100:37796,0,23,26,21
1670529742.277581,10.10.1.100:37792,0,20,21,18
1670529742.357243,10.10.1.100:37794,0,25,18,15
1670529742.358614,10.10.1.100:37796,0,23,26,21
1670529742.359995,10.10.1.100:37792,0,20,21,18
1670529742.439577,10.10.1.100:37794,0,25,18,15
1670529742.440946,10.10.1.100:37796,0,23,26,21
1670529742.442318,10.10.1.100:37792,0,20,22,18
1670529742.579090,10.10.1.100:37794,0,25,18,15
1670529742.581313,10.10.1.100:37796,0,23,27,21
1670529742.583731,10.10.1.100:37792,0,20,23,18
1670529742.687158,10.10.1.100:37794,0,25,19,15
1670529742.688531,10.10.1.100:37796,0,23,27,21
1670529742.689917,10.10.1.100:37792,0,20,23,18
1670529742.769935,10.10.1.100:37794,0,25,19,15
1670529742.771393,10.10.1.100:37796,0,23,27,21
1670529742.772743,10.10.1.100:37792,0,20,23,18
1670529742.887237,10.10.1.100:37794,0,25,19,15
1670529742.889934,10.10.1.100:37796,0,23,28,21
1670529742.892390,10.10.1.100:37792,0,20,24,18
1670529743.024180,10.10.1.100:37794,0,25,20,15
1670529743.025549,10.10.1.100:37796,0,23,29,21
1670529743.026953,10.10.1.100:37792,0,20,24,18
1670529743.105070,10.10.1.100:37794,0,25,20,15
1670529743.106243,10.10.1.100:37796,0,23,29,21
1670529743.107418,10.10.1.100:37792,0,20,24,18
1670529743.187693,10.10.1.100:37794,0,25,20,15
1670529743.188848,10.10.1.100:37796,0,23,29,21
1670529743.189972,10.10.1.100:37792,0,20,24,18
1670529743.267871,10.10.1.100:37794,0,25,20,15
1670529743.269036,10.10.1.100:37796,0,23,29,21
1670529743.270167,10.10.1.100:37792,0,20,24,18
1670529743.366909,10.10.1.100:37794,0,25,20,15
1670529743.369236,10.10.1.100:37796,0,23,29,21
1670529743.371647,10.10.1.100:37792,0,20,25,18
1670529743.513143,10.10.1.100:37794,0,25,21,15
1670529743.514540,10.10.1.100:37796,0,23,30,21
1670529743.515914,10.10.1.100:37792,0,20,25,18
1670529743.608665,10.10.1.100:37794,0,25,21,15
1670529743.610635,10.10.1.100:37796,0,23,30,21
1670529743.612915,10.10.1.100:37792,0,20,25,18
1670529743.753519,10.10.1.100:37794,0,25,21,15
1670529743.755702,10.10.1.100:37796,0,23,30,21
1670529743.757663,10.10.1.100:37792,1,21,24,17
1670529743.840552,10.10.1.100:37794,0,25,21,15
1670529743.841879,10.10.1.100:37796,2,25,26,21
1670529743.843238,10.10.1.100:37792,1,21,24,17
1670529743.922784,10.10.1.100:37794,0,25,21,15
1670529743.924166,10.10.1.100:37796,2,25,26,21
1670529743.925496,10.10.1.100:37792,2,22,23,17
1670529744.043977,10.10.1.100:37794,0,25,21,15
1670529744.045983,10.10.1.100:37796,2,25,25,21
1670529744.048075,10.10.1.100:37792,2,22,22,17
1670529744.187912,10.10.1.100:37794,0,25,21,15
1670529744.190028,10.10.1.100:37796,2,25,23,21
1670529744.192101,10.10.1.100:37792,3,23,19,17
1670529744.300979,10.10.1.100:37794,0,25,22,15
1670529744.302111,10.10.1.100:37796,2,25,23,21
1670529744.303286,10.10.1.100:37792,3,23,17,17
1670529744.381816,10.10.1.100:37794,0,25,22,15
1670529744.383250,10.10.1.100:37796,3,26,21,21
1670529744.384590,10.10.1.100:37792,3,23,17,17
1670529744.466543,10.10.1.100:37794,0,25,22,15
1670529744.468037,10.10.1.100:37796,3,26,21,21
1670529744.469399,10.10.1.100:37792,4,24,16,17
1670529744.550058,10.10.1.100:37794,0,25,22,15
1670529744.551943,10.10.1.100:37796,3,26,21,21
1670529744.553689,10.10.1.100:37792,3,24,17,17
1670529744.631989,10.10.1.100:37794,0,25,22,15
1670529744.632888,10.10.1.100:37796,2,26,21,21
1670529744.633818,10.10.1.100:37792,3,24,17,17
1670529744.712454,10.10.1.100:37794,0,25,22,15
1670529744.713352,10.10.1.100:37796,1,26,21,21
1670529744.714248,10.10.1.100:37792,2,24,17,17
1670529744.820463,10.10.1.100:37794,0,25,22,15
1670529744.822074,10.10.1.100:37796,1,26,21,21
1670529744.823838,10.10.1.100:37792,2,24,17,17
1670529744.967267,10.10.1.100:37794,0,25,22,15
1670529744.969884,10.10.1.100:37796,1,26,21,21
1670529744.972716,10.10.1.100:37792,1,24,17,17
1670529745.119559,10.10.1.100:37794,0,25,22,15
1670529745.121971,10.10.1.100:37796,1,26,21,21
1670529745.124505,10.10.1.100:37792,1,24,17,17
1670529745.265263,10.10.1.100:37794,0,25,22,15
1670529745.266588,10.10.1.100:37796,0,26,21,21
1670529745.267885,10.10.1.100:37792,0,24,17,17
1670529745.379448,10.10.1.100:37794,0,25,22,15
1670529745.381486,10.10.1.100:37796,0,26,22,21
1670529745.383515,10.10.1.100:37792,0,24,17,17
1670529745.520271,10.10.1.100:37794,0,25,22,15
1670529745.521606,10.10.1.100:37796,0,26,22,21
1670529745.522968,10.10.1.100:37792,0,24,18,17
1670529745.601794,10.10.1.100:37794,0,25,22,15
1670529745.603206,10.10.1.100:37796,0,26,23,21
1670529745.604544,10.10.1.100:37792,0,24,18,17
1670529745.683566,10.10.1.100:37794,0,25,23,15
1670529745.684700,10.10.1.100:37796,0,26,23,21
1670529745.685829,10.10.1.100:37792,0,24,18,17
1670529745.763885,10.10.1.100:37794,0,25,23,15
1670529745.765052,10.10.1.100:37796,0,26,23,21
1670529745.766185,10.10.1.100:37792,0,24,19,17
1670529745.869666,10.10.1.100:37794,0,25,23,15
1670529745.871711,10.10.1.100:37796,0,26,23,21
1670529745.873903,10.10.1.100:37792,0,24,19,17
1670529746.014813,10.10.1.100:37794,0,25,23,15
1670529746.016186,10.10.1.100:37796,0,26,23,21
1670529746.017550,10.10.1.100:37792,0,24,19,17
1670529746.098099,10.10.1.100:37794,0,25,23,15
1670529746.099482,10.10.1.100:37796,0,26,24,21
1670529746.100811,10.10.1.100:37792,0,24,19,17
1670529746.180239,10.10.1.100:37794,0,25,23,15
1670529746.181363,10.10.1.100:37796,0,26,24,21
1670529746.182486,10.10.1.100:37792,0,24,20,17
1670529746.260450,10.10.1.100:37794,0,25,24,15
1670529746.261581,10.10.1.100:37796,0,26,24,21
1670529746.263088,10.10.1.100:37792,0,24,20,17
1670529746.341115,10.10.1.100:37794,0,25,24,15
1670529746.342247,10.10.1.100:37796,0,26,24,21
1670529746.343412,10.10.1.100:37792,0,24,20,17
1670529746.421930,10.10.1.100:37794,0,25,24,15
1670529746.423107,10.10.1.100:37796,0,26,24,21
1670529746.424239,10.10.1.100:37792,0,24,20,17
1670529746.503852,10.10.1.100:37794,0,25,24,15
1670529746.505184,10.10.1.100:37796,0,26,24,21
1670529746.506542,10.10.1.100:37792,0,24,20,17
1670529746.625014,10.10.1.100:37794,0,25,25,15
1670529746.627064,10.10.1.100:37796,0,26,24,21
1670529746.629211,10.10.1.100:37792,0,24,20,17
1670529746.767852,10.10.1.100:37794,0,25,25,15
1670529746.769071,10.10.1.100:37796,0,26,24,21
1670529746.770224,10.10.1.100:37792,0,24,20,17
1670529746.849559,10.10.1.100:37794,0,25,25,15
1670529746.850688,10.10.1.100:37796,0,26,25,21
1670529746.851860,10.10.1.100:37792,0,24,20,17
1670529746.971053,10.10.1.100:37794,0,25,25,15
1670529746.973063,10.10.1.100:37796,0,26,25,21
1670529746.975221,10.10.1.100:37792,0,24,20,17
1670529747.106220,10.10.1.100:37794,0,25,27,15
1670529747.108147,10.10.1.100:37796,0,26,25,21
1670529747.109995,10.10.1.100:37792,0,24,21,17
1670529747.199366,10.10.1.100:37794,0,25,27,15
1670529747.200504,10.10.1.100:37796,0,26,25,21
1670529747.201650,10.10.1.100:37792,0,24,21,17
1670529747.279713,10.10.1.100:37794,0,25,27,15
1670529747.280847,10.10.1.100:37796,0,26,25,21
1670529747.282009,10.10.1.100:37792,0,24,21,17
1670529747.361145,10.10.1.100:37794,0,25,29,15
1670529747.362277,10.10.1.100:37796,0,26,25,21
1670529747.363524,10.10.1.100:37792,0,24,21,17
1670529747.443328,10.10.1.100:37794,0,25,30,15
1670529747.444466,10.10.1.100:37796,0,26,25,21
1670529747.445635,10.10.1.100:37792,0,24,21,17
1670529747.524638,10.10.1.100:37794,0,25,30,15
1670529747.526012,10.10.1.100:37796,0,26,25,21
1670529747.527373,10.10.1.100:37792,0,24,21,17
1670529747.606772,10.10.1.100:37794,0,25,31,15
1670529747.608155,10.10.1.100:37796,0,26,25,21
1670529747.609525,10.10.1.100:37792,0,24,21,17
1670529747.689557,10.10.1.100:37794,0,25,31,15
1670529747.690927,10.10.1.100:37796,1,27,24,17
1670529747.692265,10.10.1.100:37792,0,24,21,17
1670529747.770560,10.10.1.100:37794,0,25,31,15
1670529747.771737,10.10.1.100:37796,1,27,23,17
1670529747.772905,10.10.1.100:37792,0,24,21,17
1670529747.851131,10.10.1.100:37794,0,25,33,15
1670529747.852262,10.10.1.100:37796,1,27,23,17
1670529747.853401,10.10.1.100:37792,0,24,21,17
1670529747.931895,10.10.1.100:37794,0,25,33,15
1670529747.933067,10.10.1.100:37796,1,27,22,17
1670529747.934200,10.10.1.100:37792,2,26,19,14
1670529748.013609,10.10.1.100:37794,0,25,33,15
1670529748.014975,10.10.1.100:37796,1,27,21,17
1670529748.016306,10.10.1.100:37792,2,26,18,14
1670529748.095363,10.10.1.100:37794,1,26,32,23
1670529748.096716,10.10.1.100:37796,1,27,20,17
1670529748.098035,10.10.1.100:37792,2,26,17,14
1670529748.178284,10.10.1.100:37794,2,27,29,23
1670529748.179471,10.10.1.100:37796,1,27,20,17
1670529748.180606,10.10.1.100:37792,2,26,17,14
1670529748.258502,10.10.1.100:37794,4,29,25,23
1670529748.259757,10.10.1.100:37796,1,27,20,17
1670529748.260893,10.10.1.100:37792,2,26,17,14
1670529748.339076,10.10.1.100:37794,4,29,25,23
1670529748.340212,10.10.1.100:37796,1,27,19,17
1670529748.341339,10.10.1.100:37792,2,26,15,14
1670529748.421231,10.10.1.100:37794,4,29,25,23
1670529748.422563,10.10.1.100:37796,1,27,17,17
1670529748.423928,10.10.1.100:37792,2,26,14,14
1670529748.502785,10.10.1.100:37794,4,29,23,23
1670529748.503972,10.10.1.100:37796,1,28,17,17
1670529748.505099,10.10.1.100:37792,2,26,14,14
1670529748.583507,10.10.1.100:37794,4,29,23,23
1670529748.584645,10.10.1.100:37796,1,28,17,17
1670529748.585830,10.10.1.100:37792,2,26,14,14
1670529748.664119,10.10.1.100:37794,4,29,23,23
1670529748.665251,10.10.1.100:37796,1,28,17,17
1670529748.666376,10.10.1.100:37792,2,26,14,14
1670529748.759579,10.10.1.100:37794,4,29,23,23
1670529748.761574,10.10.1.100:37796,1,28,17,17
1670529748.763988,10.10.1.100:37792,2,27,14,14
1670529748.907554,10.10.1.100:37794,3,29,23,23
1670529748.909561,10.10.1.100:37796,1,28,17,17
1670529748.911699,10.10.1.100:37792,1,27,14,14
1670529749.035861,10.10.1.100:37794,0,29,23,23
1670529749.037203,10.10.1.100:37796,1,28,17,17
1670529749.038547,10.10.1.100:37792,1,27,14,14
1670529749.118098,10.10.1.100:37794,0,29,23,23
1670529749.119337,10.10.1.100:37796,0,28,17,17
1670529749.120493,10.10.1.100:37792,1,27,14,14
1670529749.201283,10.10.1.100:37794,0,29,23,23
1670529749.202609,10.10.1.100:37796,0,28,18,17
1670529749.203982,10.10.1.100:37792,1,27,14,14
1670529749.283420,10.10.1.100:37794,0,29,24,23
1670529749.284563,10.10.1.100:37796,0,28,18,17
1670529749.285729,10.10.1.100:37792,1,27,14,14
1670529749.364380,10.10.1.100:37794,0,29,24,23
1670529749.365525,10.10.1.100:37796,0,28,18,17
1670529749.366651,10.10.1.100:37792,0,27,14,14
1670529749.445489,10.10.1.100:37794,0,29,24,23
1670529749.446742,10.10.1.100:37796,0,28,19,17
1670529749.448097,10.10.1.100:37792,0,27,14,14
1670529749.590822,10.10.1.100:37794,0,29,25,23
1670529749.593297,10.10.1.100:37796,0,28,19,17
1670529749.595680,10.10.1.100:37792,0,27,15,14
1670529749.696468,10.10.1.100:37794,0,29,26,23
1670529749.697849,10.10.1.100:37796,0,28,20,17
1670529749.699205,10.10.1.100:37792,0,27,15,14
1670529749.778666,10.10.1.100:37794,0,29,26,23
1670529749.779856,10.10.1.100:37796,0,28,20,17
1670529749.780979,10.10.1.100:37792,0,27,15,14
1670529749.875936,10.10.1.100:37794,0,29,27,23
1670529749.877984,10.10.1.100:37796,0,28,21,17
1670529749.880048,10.10.1.100:37792,0,27,16,14
1670529750.020080,10.10.1.100:37794,0,29,28,23
1670529750.021772,10.10.1.100:37796,0,28,21,17
1670529750.023512,10.10.1.100:37792,0,27,16,14
1670529750.142632,10.10.1.100:37794,0,29,28,23
1670529750.143806,10.10.1.100:37796,0,28,22,17
1670529750.144925,10.10.1.100:37792,0,27,16,14
1670529750.224726,10.10.1.100:37794,0,29,28,23
1670529750.226199,10.10.1.100:37796,0,28,22,17
1670529750.227667,10.10.1.100:37792,0,27,17,14
1670529750.369553,10.10.1.100:37794,0,29,29,23
1670529750.371621,10.10.1.100:37796,0,28,22,17
1670529750.373600,10.10.1.100:37792,0,27,18,14
1670529750.509955,10.10.1.100:37794,0,29,30,23
1670529750.512025,10.10.1.100:37796,0,28,23,17
1670529750.514350,10.10.1.100:37792,0,27,18,14
1670529750.647011,10.10.1.100:37794,0,29,30,23
1670529750.648368,10.10.1.100:37796,0,28,24,17
1670529750.649709,10.10.1.100:37792,0,27,18,14
1670529750.729324,10.10.1.100:37794,0,29,31,23
1670529750.730742,10.10.1.100:37796,0,28,24,17
1670529750.732127,10.10.1.100:37792,0,27,19,14
1670529750.811336,10.10.1.100:37794,0,29,31,23
1670529750.812650,10.10.1.100:37796,0,28,24,17
1670529750.813776,10.10.1.100:37792,0,27,19,14
1670529750.892025,10.10.1.100:37794,0,29,31,23
1670529750.893153,10.10.1.100:37796,0,28,24,17
1670529750.894289,10.10.1.100:37792,0,27,19,14
1670529750.974624,10.10.1.100:37794,0,29,31,23
1670529750.975806,10.10.1.100:37796,0,28,24,17
1670529750.976932,10.10.1.100:37792,0,27,19,14
1670529751.057295,10.10.1.100:37794,0,29,31,23
1670529751.058685,10.10.1.100:37796,0,28,24,17
1670529751.060074,10.10.1.100:37792,0,27,20,14
1670529751.173442,10.10.1.100:37794,0,29,31,23
1670529751.175866,10.10.1.100:37796,0,28,24,17
1670529751.178357,10.10.1.100:37792,0,27,20,14
1670529751.316625,10.10.1.100:37794,1,30,31,22
1670529751.318818,10.10.1.100:37796,0,28,24,17
1670529751.321054,10.10.1.100:37792,0,27,20,14
1670529751.426806,10.10.1.100:37794,1,30,30,22
1670529751.428021,10.10.1.100:37796,0,28,24,17
1670529751.429172,10.10.1.100:37792,1,28,19,14
1670529751.508050,10.10.1.100:37794,1,30,29,22
1670529751.509183,10.10.1.100:37796,0,28,24,17
1670529751.510339,10.10.1.100:37792,2,29,17,14
1670529751.589429,10.10.1.100:37794,2,31,26,22
1670529751.590603,10.10.1.100:37796,1,29,23,16
1670529751.591807,10.10.1.100:37792,2,29,17,14
1670529751.671787,10.10.1.100:37794,2,31,25,22
1670529751.673170,10.10.1.100:37796,1,29,23,16
1670529751.674607,10.10.1.100:37792,2,29,16,14
1670529751.754504,10.10.1.100:37794,2,31,25,22
1670529751.755905,10.10.1.100:37796,1,29,22,16
1670529751.757252,10.10.1.100:37792,2,29,15,14
1670529751.837624,10.10.1.100:37794,2,31,25,22
1670529751.839048,10.10.1.100:37796,1,29,21,16
1670529751.840408,10.10.1.100:37792,2,29,14,14
1670529751.969725,10.10.1.100:37794,2,31,23,22
1670529751.972007,10.10.1.100:37796,1,29,20,16
1670529751.973995,10.10.1.100:37792,2,29,14,14
1670529752.109552,10.10.1.100:37794,2,32,22,22
1670529752.111631,10.10.1.100:37796,1,29,19,16
1670529752.113694,10.10.1.100:37792,3,30,13,14
1670529752.204470,10.10.1.100:37794,2,32,22,22
1670529752.205873,10.10.1.100:37796,1,29,17,16
1670529752.207305,10.10.1.100:37792,2,30,14,14
1670529752.287886,10.10.1.100:37794,2,32,22,22
1670529752.289028,10.10.1.100:37796,1,29,16,16
1670529752.290155,10.10.1.100:37792,2,30,14,14
1670529752.370386,10.10.1.100:37794,1,32,22,22
1670529752.371786,10.10.1.100:37796,0,29,16,16
1670529752.373126,10.10.1.100:37792,1,30,14,14
1670529752.486680,10.10.1.100:37794,1,32,22,22
1670529752.488768,10.10.1.100:37796,0,29,16,16
1670529752.490801,10.10.1.100:37792,1,30,14,14
1670529752.634529,10.10.1.100:37794,1,32,22,22
1670529752.636593,10.10.1.100:37796,0,29,16,16
1670529752.638457,10.10.1.100:37792,1,30,14,14
1670529752.717078,10.10.1.100:37794,0,32,22,22
1670529752.718435,10.10.1.100:37796,0,29,17,16
1670529752.719830,10.10.1.100:37792,0,30,14,14
1670529752.799455,10.10.1.100:37794,0,32,22,22
1670529752.800746,10.10.1.100:37796,0,29,17,16
1670529752.801873,10.10.1.100:37792,0,30,14,14
1670529752.880850,10.10.1.100:37794,0,32,22,22
1670529752.882204,10.10.1.100:37796,0,29,18,16
1670529752.883588,10.10.1.100:37792,0,30,14,14
1670529752.963753,10.10.1.100:37794,0,32,22,22
1670529752.965064,10.10.1.100:37796,0,29,18,16
1670529752.966191,10.10.1.100:37792,0,30,15,14
1670529753.044896,10.10.1.100:37794,0,32,23,22
1670529753.046027,10.10.1.100:37796,0,29,18,16
1670529753.047204,10.10.1.100:37792,0,30,15,14
1670529753.125853,10.10.1.100:37794,0,32,23,22
1670529753.127022,10.10.1.100:37796,0,29,18,16
1670529753.128225,10.10.1.100:37792,0,30,15,14
1670529753.208006,10.10.1.100:37794,0,32,23,22
1670529753.209153,10.10.1.100:37796,0,29,18,16
1670529753.210294,10.10.1.100:37792,0,30,15,14
1670529753.289869,10.10.1.100:37794,0,32,23,22
1670529753.291291,10.10.1.100:37796,0,29,19,16
1670529753.292687,10.10.1.100:37792,0,30,16,14
1670529753.373118,10.10.1.100:37794,0,32,24,22
1670529753.374503,10.10.1.100:37796,0,29,19,16
1670529753.375971,10.10.1.100:37792,0,30,16,14
1670529753.455263,10.10.1.100:37794,0,32,24,22
1670529753.456394,10.10.1.100:37796,0,29,19,16
1670529753.457660,10.10.1.100:37792,0,30,16,14
1670529753.536892,10.10.1.100:37794,0,32,24,22
1670529753.538022,10.10.1.100:37796,0,29,19,16
1670529753.539200,10.10.1.100:37792,0,30,16,14
1670529753.617597,10.10.1.100:37794,0,32,24,22
1670529753.618734,10.10.1.100:37796,0,29,19,16
1670529753.619943,10.10.1.100:37792,0,30,16,14
1670529753.698045,10.10.1.100:37794,0,32,25,22
1670529753.699219,10.10.1.100:37796,0,29,19,16
1670529753.700353,10.10.1.100:37792,0,30,16,14
1670529753.780031,10.10.1.100:37794,0,32,25,22
1670529753.781425,10.10.1.100:37796,0,29,19,16
1670529753.782760,10.10.1.100:37792,0,30,16,14
1670529753.862384,10.10.1.100:37794,0,32,25,22
1670529753.863756,10.10.1.100:37796,0,29,19,16
1670529753.865084,10.10.1.100:37792,0,30,16,14
1670529753.944904,10.10.1.100:37794,0,32,25,22
1670529753.946275,10.10.1.100:37796,0,29,19,16
1670529753.947650,10.10.1.100:37792,0,30,17,14
1670529754.026418,10.10.1.100:37794,0,32,26,22
1670529754.027606,10.10.1.100:37796,0,29,20,16
1670529754.028749,10.10.1.100:37792,0,30,17,14
1670529754.106641,10.10.1.100:37794,0,32,26,22
1670529754.107857,10.10.1.100:37796,0,29,20,16
1670529754.109006,10.10.1.100:37792,0,30,17,14
1670529754.189339,10.10.1.100:37794,0,32,26,22
1670529754.190669,10.10.1.100:37796,0,29,20,16
1670529754.192034,10.10.1.100:37792,0,30,17,14
1670529754.271186,10.10.1.100:37794,0,32,26,22
1670529754.272556,10.10.1.100:37796,0,29,20,16
1670529754.273880,10.10.1.100:37792,0,30,17,14
1670529754.352685,10.10.1.100:37794,0,32,26,22
1670529754.354018,10.10.1.100:37796,0,29,20,16
1670529754.355372,10.10.1.100:37792,0,30,17,14
1670529754.435275,10.10.1.100:37794,0,32,26,22
1670529754.436625,10.10.1.100:37796,0,29,20,16
1670529754.437950,10.10.1.100:37792,0,30,17,14
1670529754.517951,10.10.1.100:37794,0,32,26,22
1670529754.519326,10.10.1.100:37796,0,29,20,16
1670529754.520700,10.10.1.100:37792,0,30,17,14
1670529754.598270,10.10.1.100:37794,0,32,26,22
1670529754.599450,10.10.1.100:37796,0,29,20,16
1670529754.600577,10.10.1.100:37792,0,30,17,14
1670529754.679469,10.10.1.100:37794,0,32,26,22
1670529754.680802,10.10.1.100:37796,0,29,20,16
1670529754.682127,10.10.1.100:37792,0,30,17,14
1670529754.761614,10.10.1.100:37794,0,32,27,22
1670529754.763469,10.10.1.100:37796,0,29,20,16
1670529754.764863,10.10.1.100:37792,0,30,17,14
1670529754.857812,10.10.1.100:37794,0,32,27,22
1670529754.859898,10.10.1.100:37796,0,29,20,16
1670529754.862193,10.10.1.100:37792,0,30,17,14
1670529755.003290,10.10.1.100:37794,0,32,27,22
1670529755.005375,10.10.1.100:37796,0,29,20,16
1670529755.007422,10.10.1.100:37792,0,30,17,14
1670529755.147348,10.10.1.100:37794,0,32,27,22
1670529755.149343,10.10.1.100:37796,0,29,20,16
1670529755.151373,10.10.1.100:37792,0,30,17,14
1670529755.282350,10.10.1.100:37794,0,32,27,22
1670529755.283714,10.10.1.100:37796,0,29,20,16
1670529755.285036,10.10.1.100:37792,0,30,17,14
1670529755.365217,10.10.1.100:37794,0,32,27,22
1670529755.366601,10.10.1.100:37796,0,29,20,16
1670529755.368039,10.10.1.100:37792,0,30,17,14
1670529755.449410,10.10.1.100:37794,0,32,27,22
1670529755.450622,10.10.1.100:37796,0,29,20,16
1670529755.451802,10.10.1.100:37792,0,30,17,14
1670529755.530626,10.10.1.100:37794,0,32,27,22
1670529755.532008,10.10.1.100:37796,0,29,20,16
1670529755.533363,10.10.1.100:37792,0,30,17,14
1670529755.614599,10.10.1.100:37794,0,32,27,22
1670529755.615778,10.10.1.100:37796,0,29,20,16
1670529755.616911,10.10.1.100:37792,0,30,17,14
1670529755.695933,10.10.1.100:37794,0,32,27,22
1670529755.697263,10.10.1.100:37796,0,29,21,16
1670529755.698622,10.10.1.100:37792,0,30,17,14
1670529755.777850,10.10.1.100:37794,0,32,27,22
1670529755.779232,10.10.1.100:37796,0,29,21,16
1670529755.780563,10.10.1.100:37792,0,30,17,14
1670529755.859915,10.10.1.100:37794,0,32,27,22
1670529755.861041,10.10.1.100:37796,0,29,21,16
1670529755.862191,10.10.1.100:37792,0,30,17,14
1670529755.940357,10.10.1.100:37794,0,32,27,22
1670529755.941685,10.10.1.100:37796,0,29,21,16
1670529755.943052,10.10.1.100:37792,0,30,17,14
1670529756.074628,10.10.1.100:37794,0,32,27,22
1670529756.077040,10.10.1.100:37796,0,29,21,16
1670529756.079531,10.10.1.100:37792,0,30,18,14
1670529756.216776,10.10.1.100:37794,0,32,27,22
1670529756.218628,10.10.1.100:37796,0,29,21,16
1670529756.220510,10.10.1.100:37792,0,30,18,14
1670529756.316761,10.10.1.100:37794,0,32,27,22
1670529756.318077,10.10.1.100:37796,0,29,22,16
1670529756.319258,10.10.1.100:37792,0,30,18,14
1670529756.398648,10.10.1.100:37794,0,32,28,22
1670529756.400027,10.10.1.100:37796,0,29,22,16
1670529756.401349,10.10.1.100:37792,0,30,18,14
1670529756.480484,10.10.1.100:37794,0,32,28,22
1670529756.481834,10.10.1.100:37796,0,29,22,16
1670529756.483196,10.10.1.100:37792,0,30,18,14
1670529756.562888,10.10.1.100:37794,0,32,28,22
1670529756.564226,10.10.1.100:37796,0,29,23,16
1670529756.565551,10.10.1.100:37792,0,30,19,14
1670529756.645000,10.10.1.100:37794,0,32,28,22
1670529756.646377,10.10.1.100:37796,0,29,23,16
1670529756.647747,10.10.1.100:37792,0,30,19,14
1670529756.726742,10.10.1.100:37794,0,32,28,22
1670529756.727940,10.10.1.100:37796,0,29,23,16
1670529756.729090,10.10.1.100:37792,0,30,19,14
1670529756.808282,10.10.1.100:37794,0,32,28,22
1670529756.809627,10.10.1.100:37796,0,29,24,16
1670529756.811013,10.10.1.100:37792,0,30,19,14
1670529756.891099,10.10.1.100:37794,0,32,28,22
1670529756.892426,10.10.1.100:37796,0,29,24,16
1670529756.893747,10.10.1.100:37792,0,30,20,14
1670529756.972959,10.10.1.100:37794,0,32,29,22
1670529756.974293,10.10.1.100:37796,0,29,24,16
1670529756.975659,10.10.1.100:37792,0,30,20,14
1670529757.055141,10.10.1.100:37794,0,32,29,22
1670529757.056482,10.10.1.100:37796,0,29,24,16
1670529757.057810,10.10.1.100:37792,0,30,20,14
1670529757.136466,10.10.1.100:37794,0,32,29,22
1670529757.138130,10.10.1.100:37796,0,29,25,16
1670529757.139513,10.10.1.100:37792,0,30,20,14
1670529757.218950,10.10.1.100:37794,0,32,29,22
1670529757.220173,10.10.1.100:37796,0,29,25,16
1670529757.221346,10.10.1.100:37792,0,30,21,14
1670529757.300344,10.10.1.100:37794,0,32,30,22
1670529757.301667,10.10.1.100:37796,0,29,26,16
1670529757.303021,10.10.1.100:37792,0,30,21,14
1670529757.382095,10.10.1.100:37794,0,32,30,22
1670529757.383470,10.10.1.100:37796,0,29,27,16
1670529757.384798,10.10.1.100:37792,0,30,22,14
1670529757.464398,10.10.1.100:37794,0,32,30,22
1670529757.465754,10.10.1.100:37796,0,29,27,16
1670529757.467115,10.10.1.100:37792,0,30,22,14
1670529757.546513,10.10.1.100:37794,0,32,30,22
1670529757.547894,10.10.1.100:37796,1,30,26,18
1670529757.549282,10.10.1.100:37792,0,30,23,14
1670529757.628339,10.10.1.100:37794,0,32,31,22
1670529757.629680,10.10.1.100:37796,1,30,25,18
1670529757.631074,10.10.1.100:37792,0,30,23,14
1670529757.712560,10.10.1.100:37794,1,33,30,21
1670529757.714972,10.10.1.100:37796,1,30,25,18
1670529757.717340,10.10.1.100:37792,0,30,24,14
1670529757.857918,10.10.1.100:37794,2,34,28,21
1670529757.860334,10.10.1.100:37796,1,30,23,18
1670529757.862660,10.10.1.100:37792,0,30,25,14
1670529757.995986,10.10.1.100:37794,2,34,26,21
1670529757.998213,10.10.1.100:37796,2,31,22,18
1670529758.000471,10.10.1.100:37792,0,30,26,14
1670529758.084724,10.10.1.100:37794,2,34,24,21
1670529758.086054,10.10.1.100:37796,3,32,20,18
1670529758.087431,10.10.1.100:37792,0,30,26,14
1670529758.167062,10.10.1.100:37794,2,34,24,21
1670529758.168412,10.10.1.100:37796,4,33,18,18
1670529758.170260,10.10.1.100:37792,0,30,26,14
1670529758.249127,10.10.1.100:37794,3,35,23,21
1670529758.250435,10.10.1.100:37796,5,34,17,18
1670529758.251888,10.10.1.100:37792,1,31,24,18
1670529758.330953,10.10.1.100:37794,4,36,20,21
1670529758.332309,10.10.1.100:37796,5,34,17,18
1670529758.333645,10.10.1.100:37792,1,31,24,18
1670529758.413422,10.10.1.100:37794,4,36,20,21
1670529758.414758,10.10.1.100:37796,4,34,18,18
1670529758.416122,10.10.1.100:37792,1,31,23,18
1670529758.496735,10.10.1.100:37794,5,37,19,21
1670529758.498109,10.10.1.100:37796,4,34,18,18
1670529758.499475,10.10.1.100:37792,2,32,21,18
1670529758.579259,10.10.1.100:37794,4,37,21,21
1670529758.580591,10.10.1.100:37796,4,34,18,18
1670529758.581916,10.10.1.100:37792,2,32,18,18
1670529758.661688,10.10.1.100:37794,3,37,21,21
1670529758.663117,10.10.1.100:37796,4,34,18,18
1670529758.664456,10.10.1.100:37792,3,33,18,18
1670529758.743668,10.10.1.100:37794,3,37,21,21
1670529758.745018,10.10.1.100:37796,3,34,18,18
1670529758.746347,10.10.1.100:37792,3,33,18,18
1670529758.826293,10.10.1.100:37794,3,37,21,21
1670529758.827609,10.10.1.100:37796,2,34,18,18
1670529758.828771,10.10.1.100:37792,3,33,18,18
1670529758.908683,10.10.1.100:37794,3,37,21,21
1670529758.910018,10.10.1.100:37796,1,34,18,18
1670529758.911375,10.10.1.100:37792,3,33,18,18
1670529758.992252,10.10.1.100:37794,2,37,21,21
1670529758.993604,10.10.1.100:37796,0,34,18,18
1670529758.995002,10.10.1.100:37792,2,33,18,18
1670529759.076001,10.10.1.100:37794,1,37,21,21
1670529759.077354,10.10.1.100:37796,0,34,18,18
1670529759.078702,10.10.1.100:37792,2,33,18,18
1670529759.159115,10.10.1.100:37794,0,37,21,21
1670529759.160513,10.10.1.100:37796,0,34,19,18
1670529759.161860,10.10.1.100:37792,1,33,18,18
1670529759.242140,10.10.1.100:37794,0,37,21,21
1670529759.243536,10.10.1.100:37796,0,34,19,18
1670529759.244958,10.10.1.100:37792,1,33,18,18
1670529759.324533,10.10.1.100:37794,0,37,21,21
1670529759.325914,10.10.1.100:37796,0,34,19,18
1670529759.327306,10.10.1.100:37792,0,33,18,18
1670529759.407466,10.10.1.100:37794,0,37,22,21
1670529759.408825,10.10.1.100:37796,0,34,20,18
1670529759.410193,10.10.1.100:37792,0,33,18,18
1670529759.489709,10.10.1.100:37794,0,37,22,21
1670529759.491123,10.10.1.100:37796,0,34,20,18
1670529759.492464,10.10.1.100:37792,0,33,18,18
1670529759.572315,10.10.1.100:37794,0,37,23,21
1670529759.573658,10.10.1.100:37796,0,34,21,18
1670529759.575068,10.10.1.100:37792,0,33,18,18
1670529759.654425,10.10.1.100:37794,0,37,23,21
1670529759.655824,10.10.1.100:37796,0,34,22,18
1670529759.657256,10.10.1.100:37792,0,33,19,18
1670529759.737025,10.10.1.100:37794,0,37,23,21
1670529759.738441,10.10.1.100:37796,0,34,22,18
1670529759.739842,10.10.1.100:37792,0,33,19,18
1670529759.819178,10.10.1.100:37794,0,37,24,21
1670529759.820545,10.10.1.100:37796,0,34,23,18
1670529759.821897,10.10.1.100:37792,0,33,19,18
1670529759.902160,10.10.1.100:37794,0,37,24,21
1670529759.903579,10.10.1.100:37796,0,34,23,18
1670529759.904925,10.10.1.100:37792,0,33,20,18
1670529759.984788,10.10.1.100:37794,0,37,25,21
1670529759.986135,10.10.1.100:37796,0,34,23,18
1670529759.987525,10.10.1.100:37792,0,33,21,18
1670529760.067791,10.10.1.100:37794,0,37,25,21
1670529760.069241,10.10.1.100:37796,0,34,23,18
1670529760.070595,10.10.1.100:37792,0,33,21,18
1670529760.151052,10.10.1.100:37794,0,37,25,21
1670529760.152384,10.10.1.100:37796,0,34,23,18
1670529760.153706,10.10.1.100:37792,0,33,21,18
1670529760.233546,10.10.1.100:37794,0,37,26,21
1670529760.234954,10.10.1.100:37796,0,34,23,18
1670529760.236289,10.10.1.100:37792,0,33,22,18
1670529760.315861,10.10.1.100:37794,0,37,26,21
1670529760.317221,10.10.1.100:37796,0,34,24,18
1670529760.318577,10.10.1.100:37792,0,33,22,18
1670529760.398629,10.10.1.100:37794,0,37,26,21
1670529760.400062,10.10.1.100:37796,0,34,25,18
1670529760.401421,10.10.1.100:37792,0,33,22,18
1670529760.481295,10.10.1.100:37794,0,37,27,21
1670529760.482634,10.10.1.100:37796,0,34,25,18
1670529760.484029,10.10.1.100:37792,0,33,22,18
1670529760.563538,10.10.1.100:37794,0,37,27,21
1670529760.564914,10.10.1.100:37796,0,34,25,18
1670529760.566254,10.10.1.100:37792,0,33,22,18
1670529760.645918,10.10.1.100:37794,0,37,27,21
1670529760.647302,10.10.1.100:37796,0,34,25,18
1670529760.648618,10.10.1.100:37792,0,33,23,18
1670529760.728139,10.10.1.100:37794,0,37,28,21
1670529760.729525,10.10.1.100:37796,0,34,25,18
1670529760.730912,10.10.1.100:37792,0,33,23,18
1670529760.811852,10.10.1.100:37794,0,37,28,21
1670529760.813246,10.10.1.100:37796,0,34,25,18
1670529760.814695,10.10.1.100:37792,0,33,24,18
1670529760.895509,10.10.1.100:37794,0,37,28,21
1670529760.896929,10.10.1.100:37796,0,34,25,18
1670529760.898281,10.10.1.100:37792,0,33,24,18
1670529760.978404,10.10.1.100:37794,0,37,29,21
1670529760.979830,10.10.1.100:37796,0,34,26,18
1670529760.981177,10.10.1.100:37792,0,33,24,18
1670529761.062044,10.10.1.100:37794,1,38,28,20
1670529761.063473,10.10.1.100:37796,0,34,26,18
1670529761.064814,10.10.1.100:37792,0,33,24,18
1670529761.145115,10.10.1.100:37794,2,39,26,20
1670529761.146502,10.10.1.100:37796,1,35,24,18
1670529761.148004,10.10.1.100:37792,0,33,24,18
1670529761.228294,10.10.1.100:37794,2,39,26,20
1670529761.229668,10.10.1.100:37796,1,35,23,18
1670529761.231115,10.10.1.100:37792,0,33,25,18
1670529761.310783,10.10.1.100:37794,2,39,26,20
1670529761.312223,10.10.1.100:37796,2,36,21,18
1670529761.313600,10.10.1.100:37792,0,33,25,18
1670529761.393790,10.10.1.100:37794,3,40,23,20
1670529761.395249,10.10.1.100:37796,2,36,21,18
1670529761.396595,10.10.1.100:37792,0,33,25,18
1670529761.476210,10.10.1.100:37794,3,40,23,20
1670529761.477543,10.10.1.100:37796,2,36,20,18
1670529761.478936,10.10.1.100:37792,0,33,25,18
1670529761.559074,10.10.1.100:37794,3,40,22,20
1670529761.560428,10.10.1.100:37796,2,36,19,18
1670529761.561758,10.10.1.100:37792,0,33,25,18
1670529761.642364,10.10.1.100:37794,4,41,20,20
1670529761.643771,10.10.1.100:37796,2,36,19,18
1670529761.645109,10.10.1.100:37792,1,34,24,17
1670529761.765140,10.10.1.100:37794,4,41,20,20
1670529761.767593,10.10.1.100:37796,2,36,18,18
1670529761.769918,10.10.1.100:37792,2,35,22,17
1670529761.901330,10.10.1.100:37794,4,42,20,20
1670529761.902699,10.10.1.100:37796,2,36,18,18
1670529761.904072,10.10.1.100:37792,2,35,22,17
1670529761.983677,10.10.1.100:37794,3,42,20,20
1670529761.985017,10.10.1.100:37796,1,36,18,18
1670529761.986342,10.10.1.100:37792,3,36,20,17
1670529762.066460,10.10.1.100:37794,3,42,20,20
1670529762.067876,10.10.1.100:37796,0,36,18,18
1670529762.069201,10.10.1.100:37792,3,36,17,17
1670529762.149419,10.10.1.100:37794,3,42,20,20
1670529762.150775,10.10.1.100:37796,0,36,18,18
1670529762.152192,10.10.1.100:37792,3,36,17,17
1670529762.232210,10.10.1.100:37794,2,42,20,20
1670529762.233543,10.10.1.100:37796,0,36,18,18
1670529762.234908,10.10.1.100:37792,3,36,17,17
1670529762.314617,10.10.1.100:37794,1,42,20,20
1670529762.316003,10.10.1.100:37796,0,36,18,18
1670529762.317327,10.10.1.100:37792,3,36,17,17
1670529762.397650,10.10.1.100:37794,1,42,20,20
1670529762.399041,10.10.1.100:37796,0,36,18,18
1670529762.400379,10.10.1.100:37792,1,36,17,17
1670529762.479753,10.10.1.100:37794,0,42,20,20
1670529762.481089,10.10.1.100:37796,0,36,19,18
1670529762.482425,10.10.1.100:37792,1,36,17,17
1670529762.562386,10.10.1.100:37794,0,42,20,20
1670529762.563888,10.10.1.100:37796,0,36,19,18
1670529762.565209,10.10.1.100:37792,1,36,17,17
1670529762.645173,10.10.1.100:37794,0,42,20,20
1670529762.646505,10.10.1.100:37796,0,36,19,18
1670529762.647960,10.10.1.100:37792,0,36,17,17
1670529762.727693,10.10.1.100:37794,0,42,20,20
1670529762.729027,10.10.1.100:37796,0,36,20,18
1670529762.730352,10.10.1.100:37792,0,36,17,17
1670529762.823990,10.10.1.100:37794,0,42,21,20
1670529762.826357,10.10.1.100:37796,0,36,20,18
1670529762.828770,10.10.1.100:37792,0,36,17,17
1670529762.969695,10.10.1.100:37794,0,42,21,20
1670529762.972131,10.10.1.100:37796,0,36,21,18
1670529762.974478,10.10.1.100:37792,0,36,18,17
1670529763.072408,10.10.1.100:37794,0,42,21,20
1670529763.073737,10.10.1.100:37796,0,36,21,18
1670529763.075131,10.10.1.100:37792,0,36,18,17
1670529763.185197,10.10.1.100:37794,0,42,22,20
1670529763.187612,10.10.1.100:37796,0,36,21,18
1670529763.190036,10.10.1.100:37792,0,36,19,17
1670529763.324886,10.10.1.100:37794,0,42,22,20
1670529763.327096,10.10.1.100:37796,0,36,21,18
1670529763.329311,10.10.1.100:37792,0,36,19,17
1670529763.430975,10.10.1.100:37794,0,42,22,20
1670529763.432335,10.10.1.100:37796,0,36,21,18
1670529763.433670,10.10.1.100:37792,0,36,19,17
1670529763.512922,10.10.1.100:37794,0,42,23,20
1670529763.514314,10.10.1.100:37796,0,36,21,18
1670529763.515745,10.10.1.100:37792,0,36,19,17
1670529763.596601,10.10.1.100:37794,0,42,23,20
1670529763.597949,10.10.1.100:37796,0,36,21,18
1670529763.599344,10.10.1.100:37792,0,36,19,17
1670529763.681693,10.10.1.100:37794,0,42,23,20
1670529763.683149,10.10.1.100:37796,0,36,22,18
1670529763.684495,10.10.1.100:37792,0,36,20,17
1670529763.765683,10.10.1.100:37794,0,42,23,20
1670529763.767098,10.10.1.100:37796,0,36,22,18
1670529763.768445,10.10.1.100:37792,0,36,20,17
1670529763.847520,10.10.1.100:37794,0,42,23,20
1670529763.848933,10.10.1.100:37796,0,36,22,18
1670529763.850266,10.10.1.100:37792,0,36,20,17
1670529763.929865,10.10.1.100:37794,0,42,23,20
1670529763.931278,10.10.1.100:37796,0,36,22,18
1670529763.932630,10.10.1.100:37792,0,36,20,17
1670529764.011506,10.10.1.100:37794,0,42,23,20
1670529764.013212,10.10.1.100:37796,0,36,22,18
1670529764.014582,10.10.1.100:37792,0,36,20,17
1670529764.094379,10.10.1.100:37794,0,42,23,20
1670529764.095768,10.10.1.100:37796,0,36,22,18
1670529764.097102,10.10.1.100:37792,0,36,20,17
1670529764.177459,10.10.1.100:37794,0,42,23,20
1670529764.178832,10.10.1.100:37796,0,36,22,18
1670529764.180213,10.10.1.100:37792,0,36,20,17
1670529764.259900,10.10.1.100:37794,0,42,24,20
1670529764.261239,10.10.1.100:37796,0,36,22,18
1670529764.262950,10.10.1.100:37792,0,36,20,17
1670529764.341725,10.10.1.100:37794,0,42,24,20
1670529764.343055,10.10.1.100:37796,0,36,22,18
1670529764.344438,10.10.1.100:37792,0,36,20,17
1670529764.424554,10.10.1.100:37794,0,42,24,20
1670529764.425930,10.10.1.100:37796,0,36,22,18
1670529764.427296,10.10.1.100:37792,0,36,21,17
1670529764.506143,10.10.1.100:37794,0,42,24,20
1670529764.507542,10.10.1.100:37796,0,36,22,18
1670529764.508893,10.10.1.100:37792,0,36,21,17
1670529764.588674,10.10.1.100:37794,0,42,24,20
1670529764.591183,10.10.1.100:37796,0,36,22,18
1670529764.593788,10.10.1.100:37792,0,36,21,17
1670529764.737379,10.10.1.100:37794,0,42,24,20
1670529764.739847,10.10.1.100:37796,0,36,22,18
1670529764.742198,10.10.1.100:37792,0,36,21,17
1670529764.880289,10.10.1.100:37794,0,42,24,20
1670529764.882637,10.10.1.100:37796,0,36,22,18
1670529764.885023,10.10.1.100:37792,0,36,21,17
1670529765.021773,10.10.1.100:37794,0,42,24,20
1670529765.023201,10.10.1.100:37796,0,36,22,18
1670529765.024549,10.10.1.100:37792,0,36,21,17
1670529765.104599,10.10.1.100:37794,0,42,24,20
1670529765.105988,10.10.1.100:37796,0,36,22,18
1670529765.107426,10.10.1.100:37792,0,36,21,17
1670529765.188676,10.10.1.100:37794,0,42,24,20
1670529765.190032,10.10.1.100:37796,0,36,22,18
1670529765.191590,10.10.1.100:37792,0,36,21,17
1670529765.272372,10.10.1.100:37794,0,42,24,20
1670529765.273725,10.10.1.100:37796,0,36,22,18
1670529765.275103,10.10.1.100:37792,0,36,21,17
1670529765.355050,10.10.1.100:37794,0,42,24,20
1670529765.356441,10.10.1.100:37796,0,36,22,18
1670529765.358395,10.10.1.100:37792,0,36,21,17
1670529765.495813,10.10.1.100:37794,0,42,24,20
1670529765.497467,10.10.1.100:37796,0,36,23,18
1670529765.499199,10.10.1.100:37792,0,36,21,17
1670529765.639867,10.10.1.100:37794,0,42,24,20
1670529765.641219,10.10.1.100:37796,0,36,23,18
1670529765.642560,10.10.1.100:37792,0,36,21,17
1670529765.722098,10.10.1.100:37794,0,42,24,20
1670529765.723469,10.10.1.100:37796,0,36,23,18
1670529765.724866,10.10.1.100:37792,0,36,21,17
1670529765.804938,10.10.1.100:37794,0,42,24,20
1670529765.806289,10.10.1.100:37796,0,36,23,18
1670529765.807668,10.10.1.100:37792,0,36,21,17
1670529765.910643,10.10.1.100:37794,0,42,24,20
1670529765.913026,10.10.1.100:37796,0,36,23,18
1670529765.915447,10.10.1.100:37792,0,36,21,17
1670529766.051693,10.10.1.100:37794,0,42,24,20
1670529766.053914,10.10.1.100:37796,0,36,24,18
1670529766.056106,10.10.1.100:37792,0,36,21,17
1670529766.166461,10.10.1.100:37794,0,42,25,20
1670529766.167884,10.10.1.100:37796,0,36,24,18
1670529766.169895,10.10.1.100:37792,0,36,22,17
1670529766.249062,10.10.1.100:37790,,,10,
1670529766.250517,10.10.1.100:37794,0,42,25,20
1670529766.252015,10.10.1.100:37796,0,36,24,18
1670529766.253520,10.10.1.100:37792,0,36,22,17
1670529766.332921,10.10.1.100:37790,,,10,
1670529766.334476,10.10.1.100:37794,0,42,25,20
1670529766.335904,10.10.1.100:37796,0,36,25,18
1670529766.337236,10.10.1.100:37792,0,36,22,17
1670529766.416235,10.10.1.100:37790,,,10,
1670529766.417730,10.10.1.100:37794,0,42,25,20
1670529766.419102,10.10.1.100:37796,0,36,25,18
1670529766.420431,10.10.1.100:37792,0,36,22,17
1670529766.499133,10.10.1.100:37790,0,1,10,
1670529766.500627,10.10.1.100:37794,0,42,25,20
1670529766.501987,10.10.1.100:37796,0,36,25,18
1670529766.503362,10.10.1.100:37792,0,36,22,17
1670529766.581817,10.10.1.100:37790,0,1,10,
1670529766.583455,10.10.1.100:37794,0,42,25,20
1670529766.584868,10.10.1.100:37796,0,36,26,18
1670529766.586226,10.10.1.100:37792,0,36,22,17
1670529766.664533,10.10.1.100:37790,1,2,1,7
1670529766.665987,10.10.1.100:37794,0,42,26,20
1670529766.667419,10.10.1.100:37796,0,36,26,18
1670529766.668758,10.10.1.100:37792,0,36,22,17
1670529766.746418,10.10.1.100:37790,1,2,1,7
1670529766.747895,10.10.1.100:37794,0,42,26,20
1670529766.749229,10.10.1.100:37796,0,36,27,18
1670529766.750555,10.10.1.100:37792,0,36,22,17
1670529766.827614,10.10.1.100:37790,1,2,1,7
1670529766.829125,10.10.1.100:37794,0,42,26,20
1670529766.830457,10.10.1.100:37796,0,36,27,18
1670529766.831809,10.10.1.100:37792,0,36,23,17
1670529766.909957,10.10.1.100:37790,1,2,1,7
1670529766.911527,10.10.1.100:37794,0,42,26,20
1670529766.912871,10.10.1.100:37796,0,36,27,18
1670529766.914187,10.10.1.100:37792,0,36,23,17
1670529767.031209,10.10.1.100:37790,1,2,1,7
1670529767.032665,10.10.1.100:37794,0,42,27,20
1670529767.034012,10.10.1.100:37796,0,36,27,18
1670529767.035361,10.10.1.100:37792,1,37,22,16
1670529767.112319,10.10.1.100:37790,0,2,10,
1670529767.192299,10.10.1.100:37790,0,2,10,
1670529767.269909,10.10.1.100:37790,0,2,10,
1670529767.347299,10.10.1.100:37790,0,2,10,
1670529767.424543,10.10.1.100:37790,0,2,10,
1670529767.501891,10.10.1.100:37790,0,2,10,
1670529767.579427,10.10.1.100:37790,0,2,10,
1670529767.657555,10.10.1.100:37790,0,2,10,
1670529767.734718,10.10.1.100:37790,0,2,10,
1670529767.813412,10.10.1.100:37790,0,2,10,
1670529767.907432,10.10.1.100:37790,0,2,10,
